title,fat,Saturated fat,Cholesterol,Total carbohydrates,Sodium,Dietary Fiber,Protein,Added sugars,Vitamin A,Vitamin C,Calcium,Iron,Vitamin D,Vitamin E,Vitamin K,Thiamin,Riboflavin,Niacin,Vitamin B6,Folate,Vitamin B12,Biotin,Pantothenic acid,Phosphorus,Magnesium,Zinc,Selenium,Copper,Manganese,Molybdenum,Potassium,Choline
almond,67.58974358974359,21.125,0.0,7.676363636363637,10.08695652173913,34.285714285714285,41.34,0.0,0.0,0.0,20.23076923076923,22.666666666666668,0.0,110.46666666666667,0.0,7.833333333333334,71.76923076923077,24.2875,4.882352941176471,10.5,0.0,0.0,0.0,40.32,63.33333333333333,28.72727272727273,1.4545454545454546,107.66666666666667,0.0,0.0,15.76595744680851,9.418181818181818
amaretto,12.82051282051282,16.650000000000002,0.0,12.109090909090908,2.9130434782608696,0.0,0.0,66.6,0.0,0.0,0.0,0.0,0.0,0.0,0.0,0.0,0.0,0.0,0.0,0.0,0.0,0.0,0.0,0.0,0.0,0.0,0.0,0.0,0.0,0.0,0.0,0.0
anchovy,12.448717948717949,11.015,28.333333333333332,0.0,159.47826086956522,0.0,57.78,0.0,1.3333333333333335,0.0,17.846153846153847,25.722222222222225,8.5,22.2,0.0,6.5,27.923076923076923,124.39375,11.941176470588237,3.25,36.66666666666667,0.0,0.0,20.16,16.428571428571427,22.18181818181818,123.8181818181818,37.66666666666667,0.0,0.0,11.574468085106384,15.454545454545453
anise,20.384615384615383,2.93,0.0,18.181818181818183,0.6956521739130435,52.142857142857146,35.2,0.0,1.7777777777777777,23.333333333333332,49.69230769230769,205.55555555555554,0.0,0.0,0.0,28.33333333333334,22.307692307692307,19.125,38.235294117647065,2.5,0.0,0.0,15.940000000000001,35.199999999999996,40.476190476190474,48.18181818181818,9.090909090909092,101.11111111111111,100.0,0.0,30.638297872340424,0.0
appetizer,5.128205128205128,5.0,0.0,3.272727272727273,19.565217391304348,10.714285714285714,2.0,8.0,0.0,0.0,1.6153846153846154,5.555555555555555,0.0,0.0,0.0,0.0,0.0,0.0,0.0,0.0,0.0,0.0,0.0,0.0,0.0,0.0,0.0,0.0,0.0,0.0,10.212765957446807,0.0
apple,0.8333333333333334,0.0,0.0,5.2,0.0,11.428571428571429,0.0,0.0,0.0,3.4444444444444446,0.0,1.277777777777778,0.0,0.0,0.0,0.0,0.0,0.0,0.0,0.0,0.0,0.0,0.0,0.0,0.0,0.0,0.0,0.0,0.0,0.0,2.3404255319148937,0.0
apricot,0.0,0.0,0.0,4.909090909090909,0.26086956521739135,0.0,0.0,0.0,0.0,19.555555555555557,0.0,0.0,0.0,0.0,0.0,0.0,0.0,0.0,0.0,0.0,0.0,0.0,0.0,0.0,0.0,0.0,0.0,0.0,0.0,0.0,1.5106382978723405,0.0
artichoke,0.43589743589743596,0.395,0.0,4.345454545454546,2.608695652173913,20.357142857142858,5.78,0.0,0.1111111111111111,8.222222222222223,1.6153846153846154,3.3888888888888884,0.0,1.2666666666666666,0.0,4.166666666666667,6.846153846153847,6.937500000000001,4.764705882352942,22.25,0.0,0.0,0.0,5.84,10.0,3.6363636363636367,0.36363636363636365,14.11111111111111,0.0,0.0,6.085106382978724,6.254545454545454
arugula,0.8974358974358974,0.0,0.0,1.28,1.2173913043478262,5.0,5.64,0.0,13.333333333333334,16.444444444444446,12.461538461538462,8.222222222222223,0.0,0.0,0.0,0.0,0.0,0.0,0.0,0.0,0.0,0.0,0.0,0.0,0.0,0.0,0.0,0.0,0.0,0.0,7.787234042553191,0.0
asparagus,0.0,0.0,0.0,1.2836363636363635,0.0,8.571428571428571,4.7,0.0,0.0,0.0,1.8461538461538463,13.055555555555557,0.0,0.0,0.0,0.0,0.0,0.0,0.0,0.0,0.0,0.0,0.0,0.0,0.0,0.0,0.0,0.0,0.0,0.0,4.297872340425532,0.0
avocado,55.551282051282044,29.89,13.333333333333334,2.6763636363636363,37.69565217391304,0.35714285714285715,3.8,0.0,1.1111111111111112,0.2222222222222222,2.6153846153846154,1.9444444444444444,0.0,30.666666666666664,0.0,1.6666666666666667,3.8461538461538463,0.8750000000000001,0.5882352941176471,1.0,10.833333333333334,0.0,0.0,2.48,1.6666666666666667,2.272727272727273,2.909090909090909,1.1111111111111112,0.0,0.0,1.2340425531914894,0.6545454545454545
bacon,64.1025641025641,89.49999999999999,23.666666666666668,0.0,34.17391304347826,0.0,14.279999999999998,0.0,0.0,0.0,0.0,0.0,0.0,0.0,0.0,0.0,0.0,0.0,0.0,0.0,0.0,0.0,0.0,0.0,0.0,0.0,0.0,0.0,0.0,0.0,0.0,0.0
banana,8.012820512820513,0.0,0.0,14.763636363636365,25.82608695652174,22.142857142857146,25.0,0.0,0.0,16.666666666666664,9.615384615384617,6.222222222222222,0.0,0.0,0.0,0.0,0.0,0.0,0.0,0.0,0.0,0.0,0.0,0.0,0.0,0.0,0.0,0.0,0.0,0.0,0.0,0.0
barley,3.5128205128205128,5.44,1.3333333333333335,9.901818181818182,8.652173913043478,13.214285714285715,4.4,0.0,2.666666666666667,0.0,0.8461538461538461,7.111111111111111,0.5,1.5333333333333334,0.0,6.666666666666667,4.615384615384615,12.4375,8.588235294117647,4.0,0.0,0.0,0.0,4.24,5.0,7.1818181818181825,15.090909090909092,11.222222222222221,0.0,0.0,1.9148936170212765,2.4363636363636365
basil,0.0,0.0,0.0,0.0,0.0,0.0,0.0,0.0,0.0,0.0,0.0,0.0,0.0,0.0,0.0,0.0,0.0,0.0,0.0,0.0,0.0,0.0,0.0,0.0,0.0,0.0,0.0,0.0,0.0,0.0,0.0,0.0
bass,17.55128205128205,10.255,12.333333333333334,4.261818181818182,17.17391304347826,1.7857142857142856,31.86,0.0,3.5555555555555554,0.0,1.6923076923076923,6.222222222222222,21.5,19.2,0.0,18.0,12.307692307692307,14.018749999999999,16.823529411764703,10.25,9.583333333333334,0.0,0.0,13.600000000000001,8.571428571428571,4.090909090909091,56.18181818181818,4.666666666666667,0.0,0.0,4.659574468085107,9.654545454545454
bean,4.7435897435897445,2.645,0.0,5.778181818181818,19.26086956521739,17.5,10.88,0.0,0.0,0.6666666666666666,2.0,8.88888888888889,0.0,6.066666666666666,0.0,7.5,7.6923076923076925,2.6875,6.764705882352942,5.25,0.0,0.0,0.0,8.4,9.523809523809524,6.2727272727272725,14.000000000000002,21.77777777777778,0.0,0.0,7.829787234042553,2.963636363636364
beef,7.538461538461538,20.6,17.666666666666668,0.0,9.217391304347826,0.0,40.0,0.0,0.0,0.0,0.0,23.555555555555557,0.0,0.0,0.0,0.0,0.0,0.0,0.0,0.0,0.0,0.0,0.0,0.0,0.0,0.0,0.0,0.0,0.0,0.0,0.0,0.0
beef rib,8.692307692307692,12.250000000000002,19.0,0.0,2.3478260869565215,0.0,42.6,0.0,0.8888888888888888,0.0,1.153846153846154,10.11111111111111,1.0,4.933333333333334,0.0,2.5,6.9230769230769225,26.937499999999996,15.0,0.0,48.75,0.0,5.86,14.719999999999999,4.761904761904762,35.909090909090914,5.2727272727272725,5.222222222222221,0.26086956521739135,0.0,7.170212765957447,0.0
beef tenderloin,9.717948717948719,17.7,17.0,0.0,2.7391304347826084,0.0,41.4,0.0,0.0,0.0,0.0,12.611111111111112,0.0,0.0,0.0,0.0,0.0,0.0,0.0,0.0,0.0,0.0,0.0,0.0,0.0,0.0,0.0,0.0,0.0,0.0,0.0,0.0
beer,0.0,0.0,0.0,1.2909090909090908,0.17391304347826086,0.0,0.9199999999999999,0.0,0.0,0.0,0.3076923076923077,0.1111111111111111,0.0,0.0,0.0,0.4166666666666667,1.9230769230769231,3.2062500000000003,2.705882352941176,1.5,0.8333333333333334,0.0,0.0,1.1199999999999999,1.4285714285714286,0.09090909090909091,1.0909090909090908,0.5555555555555556,0.0,0.0,0.574468085106383,1.8363636363636364
beet,0.10256410256410256,0.065,0.0,5.92,6.478260869565218,2.857142857142857,1.6,0.0,0.2222222222222222,2.5555555555555554,0.8461538461538461,2.2777777777777777,0.0,0.4,0.0,0.8333333333333334,3.692307692307692,1.56875,2.9411764705882355,6.75,0.0,0.0,0.0,1.3599999999999999,3.571428571428571,2.3636363636363638,1.8181818181818181,12.88888888888889,0.0,0.0,2.4468085106382977,2.727272727272727
bell pepper,0.1358974358974359,0.0,0.0,1.7381818181818183,0.0,3.364285714285714,1.43,0.0,0.0,110.55555555555556,0.576923076923077,1.0333333333333332,0.0,0.0,0.0,3.2583333333333337,6.8307692307692305,3.975,14.529411764705882,0.0,0.0,0.0,0.0,1.344,2.142857142857143,1.1454545454545455,0.0,6.4222222222222225,4.343478260869565,0.0,3.4680851063829787,0.0
berry,0.43589743589743596,0.11499999999999999,0.0,4.534545454545455,0.043478260869565216,14.64285714285714,1.52,0.0,0.33333333333333337,19.333333333333332,1.3076923076923077,3.055555555555556,0.0,4.666666666666666,0.0,2.416666666666667,3.0769230769230766,4.356249999999999,3.0,5.0,0.0,0.0,0.0,1.6,3.3333333333333335,1.5454545454545454,0.7272727272727273,7.111111111111111,0.0,0.0,2.6382978723404253,1.4363636363636365
bitters,3.4871794871794877,3.4000000000000004,0.6666666666666667,1.523636363636364,5.521739130434783,6.785714285714286,1.6399999999999997,0.0,1.8888888888888888,35.44444444444444,0.6923076923076923,2.055555555555556,0.0,3.4666666666666663,0.0,4.083333333333334,3.923076923076923,1.69375,3.294117647058824,12.25,0.0,0.0,0.0,2.8000000000000003,3.8095238095238098,6.8181818181818175,0.36363636363636365,3.5555555555555554,0.0,0.0,6.574468085106383,1.9454545454545453
blackberry,0.3717948717948718,0.0,0.0,1.8036363636363635,0.0,6.071428571428571,1.16,0.0,0.0,8.88888888888889,0.15384615384615385,233.33333333333334,0.0,0.0,0.0,0.0,0.0,0.0,0.0,0.0,0.0,0.0,0.0,0.0,0.0,0.0,0.0,0.0,0.0,0.0,0.0,0.0
blue cheese,22.94871794871795,62.5,18.0,1.298181818181818,59.130434782608695,12.85714285714286,42.8,0.0,0.0,0.0,41.23076923076923,0.0,0.0,0.0,0.0,0.0,0.0,0.0,0.0,0.0,0.0,0.0,0.0,0.0,0.0,0.0,0.0,0.0,0.0,0.0,0.0,0.0
blueberry,0.0,0.0,0.0,23.636363636363637,0.0,0.0,0.0,0.0,0.0,0.0,0.0,0.0,0.0,0.0,0.0,0.0,0.0,0.0,0.0,0.0,0.0,0.0,0.0,0.0,0.0,0.0,0.0,0.0,0.0,0.0,0.0,0.0
bok choy,0.3,0.0,0.0,1.2763636363636361,0.6217391304347827,4.5,2.04,0.0,0.0,33.666666666666664,4.7615384615384615,2.438888888888889,0.0,0.0,0.0,0.0,0.0,0.0,0.0,0.0,0.0,0.0,0.0,2.44,3.2380952380952377,2.490909090909091,0.0,3.0666666666666664,8.521739130434785,0.0,4.851063829787234,0.0
bourbon,36.66666666666667,26.8,0.0,19.490909090909092,3.869565217391304,12.85714285714286,21.4,71.4,0.0,0.0,0.0,23.833333333333336,0.0,0.0,0.0,0.0,0.0,0.0,0.0,0.0,0.0,0.0,0.0,0.0,34.04761904761905,48.727272727272734,0.0,0.0,43.47826086956522,0.0,9.127659574468085,0.0
brandy,0.0,0.0,0.0,0.0,0.043478260869565216,0.0,0.0,0.0,0.0,0.0,0.0,0.2222222222222222,0.0,0.0,0.0,0.5,0.3076923076923077,0.08125,0.05882352941176471,0.0,0.0,0.0,0.0,0.32,0.0,0.36363636363636365,0.0,2.3333333333333335,0.0,0.0,0.0425531914893617,0.0
bread,0.0,0.0,0.0,11.672727272727274,15.391304347826088,12.85714285714286,7.139999999999999,0.0,0.0,0.0,0.0,0.0,0.0,0.0,0.0,0.0,0.0,0.0,0.0,0.0,0.0,0.0,0.0,0.0,0.0,0.0,0.0,0.0,0.0,0.0,0.0,0.0
breadcrumbs,0.0,0.0,0.0,0.0,0.0,0.0,0.0,0.0,0.0,0.0,0.0,0.0,0.0,0.0,0.0,0.0,0.0,0.0,0.0,0.0,0.0,0.0,0.0,0.0,0.0,0.0,0.0,0.0,0.0,0.0,0.0,0.0
brine,38.46153846153847,34.849999999999994,35.66666666666667,0.0,30.130434782608695,0.0,79.8,0.0,0.0,0.0,1.7692307692307692,25.0,0.0,0.0,0.0,5.0,21.53846153846154,73.75,0.0,0.0,0.0,0.0,0.0,0.0,0.0,0.0,0.0,0.0,0.0,0.0,14.893617021276595,0.0
brisket,15.435897435897436,23.08,31.333333333333336,0.0,16.391304347826086,0.0,58.82000000000001,0.0,0.1111111111111111,0.0,0.7692307692307693,15.222222222222223,1.0,0.9333333333333335,0.0,5.916666666666667,17.076923076923077,23.1375,20.823529411764703,2.0,107.08333333333333,0.0,0.0,18.16,5.238095238095238,63.63636363636363,49.45454545454545,12.777777777777777,0.0,0.0,6.0638297872340425,19.10909090909091
broccoli,0.0,0.0,0.0,1.7127272727272727,1.0434782608695654,12.5,4.7,0.0,0.0,0.0,4.538461538461538,4.555555555555555,0.0,0.0,0.0,0.0,0.0,0.0,0.0,0.0,0.0,0.0,0.0,0.0,0.0,0.0,0.0,0.0,0.0,0.0,4.51063829787234,0.0
broccoli rabe,0.0,0.0,0.0,1.7127272727272727,1.7826086956521738,8.571428571428571,4.7,0.0,0.0,0.0,6.153846153846154,6.5555555555555545,0.0,0.0,0.0,0.0,0.0,0.0,0.0,0.0,0.0,0.0,0.0,0.0,0.0,0.0,0.0,0.0,0.0,0.0,7.319148936170213,0.0
brown rice,4.576923076923077,0.0,0.0,27.70909090909091,0.0,17.142857142857142,14.279999999999998,0.0,0.0,0.0,0.7692307692307693,13.222222222222221,0.0,0.0,0.0,0.0,0.0,0.0,0.0,0.0,0.0,0.0,0.0,0.0,0.0,0.0,0.0,0.0,0.0,0.0,5.319148936170213,0.0
brussel sprout,0.3846153846153846,0.31,0.0,3.2545454545454544,1.0869565217391304,13.571428571428571,6.76,0.0,4.222222222222222,94.44444444444444,3.230769230769231,7.777777777777778,0.0,5.866666666666666,0.0,11.583333333333334,6.9230769230769225,4.65625,12.88235294117647,15.25,0.0,0.0,0.0,5.52,5.476190476190476,3.818181818181818,2.909090909090909,7.777777777777778,0.0,0.0,8.27659574468085,3.472727272727273
bulgur,2.9102564102564106,2.8499999999999996,0.0,24.363636363636363,0.47826086956521735,28.57142857142857,25.0,0.0,0.0,0.0,3.4615384615384617,9.11111111111111,0.0,0.0,0.0,0.0,0.0,0.0,0.0,0.0,0.0,0.0,0.0,0.0,0.0,0.0,0.0,0.0,0.0,0.0,0.0,0.0
butter,100.76923076923077,250.0,71.33333333333334,0.0,0.0,0.0,0.0,0.0,0.0,0.0,0.0,0.0,0.0,0.0,0.0,0.0,0.0,0.0,0.0,0.0,0.0,0.0,0.0,0.0,0.0,0.0,0.0,0.0,0.0,0.0,0.0,0.0
buttermilk,1.3846153846153846,2.7600000000000002,1.6666666666666667,1.7490909090909088,4.0,0.0,6.92,0.0,4.0,1.1111111111111112,9.230769230769232,0.05555555555555555,2.5,0.33333333333333337,0.0,4.0,15.076923076923077,0.8,2.2941176470588234,1.25,9.166666666666668,0.0,0.0,7.359999999999999,2.619047619047619,3.909090909090909,3.6363636363636362,0.1111111111111111,0.0,0.0,3.361702127659574,3.218181818181818
butternut squash,0.0,0.0,0.0,4.290909090909091,0.0,8.571428571428571,2.36,0.0,0.0,23.555555555555554,3.6153846153846154,4.722222222222222,0.0,0.0,0.0,0.0,0.0,0.0,0.0,0.0,0.0,0.0,0.0,0.0,0.0,0.0,0.0,0.0,0.0,0.0,0.0,0.0
cabbage,0.641025641025641,0.335,0.0,0.8727272727272728,21.65217391304348,5.714285714285714,2.2,0.0,0.5555555555555556,0.0,2.5384615384615383,13.88888888888889,0.0,0.7333333333333333,0.0,0.8333333333333334,16.153846153846153,6.875000000000001,12.529411764705884,13.0,0.0,0.0,0.0,1.92,3.3333333333333335,2.0,0.9090909090909091,2.6666666666666665,0.0,0.0,3.2127659574468086,2.8181818181818183
cake,30.128205128205128,53.0,8.0,20.545454545454543,18.434782608695652,0.0,7.06,84.8,0.0,0.0,1.8461538461538463,5.888888888888889,0.0,0.0,0.0,0.0,0.0,0.0,0.0,0.0,0.0,0.0,0.0,0.0,0.0,0.0,0.0,0.0,0.0,0.0,1.0,0.0
cantaloupe,0.0,0.0,0.0,3.2581818181818183,0.826086956521739,2.5,1.5,0.0,0.0,39.77777777777777,1.153846153846154,1.5000000000000002,0.0,0.0,0.0,0.0,0.0,0.0,0.0,0.0,0.0,0.0,0.0,0.0,0.0,0.0,0.0,0.0,0.0,0.0,0.0,0.0
capers,0.0,0.0,0.0,2.4254545454545458,116.08695652173913,23.92857142857143,0.0,0.0,0.0,4.444444444444445,0.0,6.666666666666667,0.0,0.0,0.0,0.0,0.0,0.0,0.0,0.0,0.0,0.0,0.0,0.0,0.0,0.0,0.0,0.0,0.0,0.0,0.0,0.0
caraway,0.0,0.0,0.0,0.0,0.0,0.0,0.0,0.0,0.0,0.0,0.0,0.0,0.0,0.0,0.0,0.0,0.0,0.0,0.0,0.0,0.0,0.0,0.0,0.0,0.0,0.0,0.0,0.0,0.0,0.0,0.0,0.0
cardamom,0.0,0.0,0.0,0.0,0.0,0.0,0.0,0.0,0.0,0.0,0.0,0.0,0.0,0.0,0.0,0.0,0.0,0.0,0.0,0.0,0.0,0.0,0.0,0.0,0.0,0.0,0.0,0.0,0.0,0.0,0.0,0.0
carrot,0.3076923076923077,0.13999999999999999,0.0,3.52,3.260869565217391,10.357142857142856,1.7399999999999998,0.0,84.66666666666667,4.666666666666667,2.769230769230769,0.6666666666666666,0.0,4.4,0.0,4.5,8.153846153846153,6.7125,7.647058823529412,10.0,0.0,0.0,0.0,2.8000000000000003,2.857142857142857,1.8181818181818183,0.0,5.666666666666666,0.0,0.0,5.48936170212766,1.4909090909090907
cashew,67.98717948717949,53.03,0.0,11.01818181818182,12.82608695652174,10.714285714285714,24.24,0.0,0.0,0.0,4.6923076923076925,27.27777777777778,0.0,33.86666666666667,0.0,13.166666666666668,12.230769230769232,6.925000000000001,11.941176470588237,13.750000000000002,0.0,0.0,0.0,31.04,49.047619047619044,40.27272727272727,16.90909090909091,195.33333333333334,0.0,0.0,9.51063829787234,8.781818181818181
casserole,9.73076923076923,19.295,6.333333333333334,3.585454545454545,13.521739130434781,10.0,14.099999999999998,0.0,47.44444444444444,1.2222222222222223,18.076923076923077,9.666666666666666,2.0,16.0,0.0,10.750000000000002,16.384615384615383,5.1,6.352941176470589,18.75,7.5,0.0,0.0,10.16,14.761904761904763,8.181818181818182,15.636363636363635,14.555555555555555,0.0,0.0,5.25531914893617,3.672727272727273
celery,0.0,0.0,0.0,1.3236363636363637,4.565217391304348,6.42857142857143,0.0,0.0,0.0,9.11111111111111,2.769230769230769,1.8333333333333333,0.0,0.0,0.0,0.0,0.0,0.0,0.0,0.0,0.0,0.0,0.0,0.0,0.0,0.0,0.0,0.0,0.0,0.0,0.0,0.0
champagne,0.07692307692307693,0.02,0.0,4.181818181818182,0.17391304347826086,0.35714285714285715,0.32,0.0,0.0,4.444444444444445,0.6153846153846154,1.3888888888888888,0.0,0.06666666666666667,0.0,2.0,1.3846153846153846,0.84375,3.2352941176470593,1.7500000000000002,0.0,0.0,0.0,0.88,1.9047619047619049,0.9090909090909092,0.18181818181818182,3.5555555555555554,0.0,0.0,1.7659574468085106,0.5454545454545455
chard,3.7820512820512824,3.7350000000000003,0.6666666666666667,1.418181818181818,15.304347826086955,6.071428571428571,3.7599999999999993,0.0,35.0,24.333333333333332,4.153846153846154,10.444444444444443,0.0,15.866666666666665,0.0,3.166666666666667,6.846153846153847,2.475,6.764705882352942,2.75,0.0,0.0,0.0,3.84,20.0,3.4545454545454546,1.6363636363636365,20.666666666666668,0.0,0.0,8.404255319148936,3.4545454545454546
cheddar,41.15384615384616,89.49999999999999,29.666666666666668,0.0,27.956521739130437,0.0,50.0,0.0,0.0,0.0,54.92307692307692,0.0,0.0,0.0,0.0,0.0,0.0,0.0,0.0,0.0,0.0,0.0,0.0,0.0,0.0,0.0,0.0,0.0,0.0,0.0,0.0,0.0
cheese,31.538461538461544,88.00000000000001,17.666666666666668,0.8945454545454544,26.043478260869563,0.0,42.2,0.0,0.0,0.0,0.0,0.0,0.0,0.0,0.0,0.0,0.0,0.0,0.0,0.0,0.0,0.0,0.0,0.0,0.0,0.0,0.0,0.0,0.0,0.0,0.0,0.0
cherry,25.64102564102564,35.0,0.0,15.272727272727273,8.695652173913043,7.142857142857142,8.0,0.0,0.0,0.0,3.076923076923077,8.0,0.0,0.0,0.0,0.0,0.0,0.0,0.0,0.0,0.0,0.0,0.0,0.0,0.0,0.0,0.0,0.0,0.0,0.0,0.0,0.0
chestnut,1.282051282051282,0.0,0.0,16.0,0.0,21.428571428571427,8.0,0.0,0.0,26.666666666666668,0.0,4.0,0.0,0.0,0.0,0.0,0.0,0.0,0.0,0.0,0.0,0.0,0.0,0.0,0.0,0.0,0.0,0.0,0.0,0.0,0.0,0.0
chicken,2.2948717948717947,4.45,15.0,0.0,7.782608695652174,0.0,42.8,0.0,0.0,0.0,0.0,0.0,0.0,0.0,0.0,0.0,0.0,0.0,0.0,0.0,0.0,0.0,0.0,0.0,0.0,0.0,0.0,0.0,0.0,0.0,0.0,0.0
chickpea,7.6923076923076925,5.0,0.0,22.181818181818183,1.0434782608695654,60.71428571428571,38.0,0.0,0.0,4.0,7.6923076923076925,34.0,0.0,0.0,0.0,0.0,0.0,0.0,0.0,0.0,0.0,0.0,0.0,0.0,0.0,0.0,0.0,0.0,0.0,0.0,0.0,0.0
chile pepper,7.448717948717948,4.0649999999999995,0.0,25.418181818181818,3.956521739130435,102.49999999999999,21.2,0.0,146.66666666666666,34.888888888888886,3.4615384615384617,33.55555555555556,0.0,20.933333333333334,0.0,6.75,92.3076923076923,54.1875,47.64705882352941,12.75,0.0,0.0,19.119999999999997,12.72,20.952380952380953,9.272727272727273,6.363636363636363,25.333333333333336,35.69565217391305,0.0,39.787234042553195,15.327272727272726
chive,0.9358974358974358,0.7299999999999999,0.0,1.5818181818181818,0.13043478260869568,8.928571428571429,6.54,0.0,24.22222222222222,64.55555555555556,7.076923076923077,8.88888888888889,0.0,1.4000000000000001,0.0,6.5,8.846153846153847,4.04375,8.11764705882353,26.25,0.0,0.0,0.0,4.64,10.0,5.090909090909091,1.6363636363636365,17.444444444444443,0.0,0.0,6.297872340425532,0.9454545454545455
chocolate,56.53846153846154,103.0,0.0,17.12727272727273,1.2608695652173914,10.357142857142856,5.88,0.0,0.0,0.0,0.0,23.555555555555557,0.0,0.0,0.0,0.0,0.0,0.0,0.0,0.0,0.0,0.0,0.0,0.0,0.0,0.0,0.0,0.0,0.0,0.0,0.0,0.0
cilantro,0.0,0.0,0.0,0.0,0.0,0.0,0.0,0.0,0.0,0.0,0.0,0.0,0.0,0.0,0.0,0.0,0.0,0.0,0.0,0.0,0.0,0.0,0.0,0.0,0.0,0.0,0.0,0.0,0.0,0.0,0.0,0.0
cinco de mayo,1.1025641025641024,0.0,0.0,0.0,0.0,14.285714285714285,46.6,0.0,0.0,0.0,13.846153846153847,24.833333333333332,0.0,0.0,0.0,0.0,0.0,0.0,0.0,0.0,0.0,0.0,0.0,35.120000000000005,43.333333333333336,31.09090909090909,0.0,96.0,73.91304347826087,755.5555555555555,31.70212765957447,0.0
cinnamon,0.0,0.0,0.0,0.0,0.0,0.0,0.0,0.0,0.0,0.0,0.0,0.0,0.0,0.0,0.0,0.0,0.0,0.0,0.0,0.0,0.0,0.0,0.0,0.0,0.0,0.0,0.0,0.0,0.0,0.0,0.0,0.0
citrus,0.0,0.0,0.0,4.109090909090909,0.43478260869565216,0.0,0.0,0.0,0.0,27.77777777777778,0.6153846153846154,0.0,0.0,0.0,0.0,0.0,0.0,0.0,0.0,0.0,0.0,0.0,0.0,0.0,0.0,0.0,0.0,0.0,0.0,0.0,0.0851063829787234,0.0
clam,10.128205128205128,11.100000000000001,8.333333333333332,3.7454545454545456,19.73913043478261,3.571428571428571,23.6,0.0,7.333333333333333,17.666666666666668,3.307692307692308,6.888888888888889,1.0,4.733333333333333,0.0,13.083333333333332,8.076923076923077,13.737499999999999,8.588235294117647,5.5,168.33333333333334,0.0,0.0,12.4,4.761904761904762,7.090909090909091,38.36363636363637,7.999999999999999,0.0,0.0,3.9361702127659575,7.672727272727273
clove,16.666666666666664,19.75,0.0,23.81818181818182,12.043478260869565,121.07142857142857,11.94,0.0,0.8888888888888888,0.2222222222222222,48.61538461538461,65.55555555555556,0.0,58.8,0.0,13.166666666666668,16.92307692307692,9.75,23.0,6.25,0.0,0.0,10.18,8.32,61.66666666666667,21.09090909090909,13.090909090909092,40.888888888888886,2613.04347826087,0.0,21.70212765957447,6.799999999999999
coconut,45.769230769230774,160.5,0.0,16.87272727272727,11.347826086956522,12.85714285714286,7.139999999999999,0.0,0.0,0.0,0.0,10.722222222222221,0.0,0.0,0.0,0.0,0.0,0.0,0.0,0.0,0.0,0.0,0.0,0.0,0.0,0.0,0.0,0.0,0.0,0.0,0.0,0.0
cod,3.769230769230769,2.9499999999999997,10.666666666666668,1.9236363636363634,18.173913043478258,2.142857142857143,24.8,0.0,0.0,3.888888888888889,2.6923076923076925,4.722222222222222,0.0,0.0,0.0,0.0,0.0,0.0,0.0,0.0,0.0,0.0,0.0,0.0,0.0,0.0,0.0,0.0,0.0,0.0,0.0,0.0
coffee,30.512820512820515,71.50000000000001,35.66666666666667,7.781818181818181,4.391304347826087,0.0,4.76,0.0,0.0,0.0,3.6923076923076925,0.0,0.0,0.0,0.0,0.0,0.0,0.0,0.0,0.0,0.0,0.0,0.0,0.0,0.0,0.0,0.0,0.0,0.0,0.0,0.0,0.0
cognac,59.48717948717949,196.5,0.0,15.6,3.869565217391304,25.357142857142854,7.139999999999999,57.2,0.0,0.0,5.461538461538462,39.666666666666664,0.0,0.0,0.0,0.0,0.0,0.0,0.0,0.0,0.0,0.0,0.0,0.0,0.0,0.0,0.0,0.0,0.0,0.0,17.46808510638298,0.0
collard greens,0.0,0.0,0.0,2.138181818181818,0.782608695652174,12.5,4.7,0.0,0.0,39.22222222222222,9.076923076923077,0.0,0.0,0.0,0.0,0.0,0.0,0.0,0.0,0.0,0.0,0.0,0.0,0.0,0.0,0.0,0.0,0.0,0.0,0.0,0.0,0.0
condiment,0.0,0.0,0.0,22.509090909090908,9.304347826086957,0.0,0.0,0.0,0.0,0.0,0.0,28.555555555555557,0.0,0.0,0.0,0.0,0.0,0.0,0.0,0.0,0.0,0.0,0.0,0.0,0.0,0.0,0.0,0.0,0.0,0.0,0.0,0.0
cookie,22.307692307692307,43.49999999999999,0.0,17.381818181818183,19.869565217391305,7.8571428571428585,43.4,8.6,0.0,0.0,10.0,8.722222222222223,0.0,0.0,0.0,0.0,0.0,0.0,0.0,0.0,0.0,0.0,0.0,0.0,0.0,0.0,0.0,0.0,0.0,0.0,0.0,0.0
cookies,17.05128205128205,0.0,0.0,24.872727272727275,0.0,0.0,14.74,0.0,0.0,0.0,0.0,0.0,0.0,0.0,0.0,0.0,0.0,0.0,0.0,0.0,0.0,0.0,0.0,0.0,0.0,0.0,0.0,0.0,0.0,0.0,0.0,0.0
coriander,22.82051282051282,4.95,0.0,20.0,1.5217391304347827,149.64285714285714,24.8,0.0,0.0,23.333333333333332,54.53846153846153,90.55555555555556,0.0,0.0,0.0,19.916666666666664,22.307692307692307,13.3125,0.0,0.0,0.0,0.0,0.0,32.72,78.57142857142857,42.727272727272734,47.63636363636364,108.33333333333333,82.6086956521739,0.0,27.02127659574468,0.0
corn,0.0,0.0,0.0,4.654545454545455,10.434782608695652,2.857142857142857,1.6,9.6,0.0,0.0,0.23076923076923078,0.0,0.0,0.0,0.0,0.0,0.0,0.0,0.0,0.0,0.0,0.0,0.0,0.0,0.0,0.0,0.0,0.0,0.0,0.0,1.446808510638298,0.0
cornmeal,3.128205128205128,0.0,0.0,28.363636363636363,0.0,26.071428571428573,14.64,0.0,0.0,0.0,0.0,13.555555555555554,0.0,0.0,0.0,0.0,0.0,0.0,0.0,0.0,0.0,0.0,0.0,0.0,0.0,0.0,0.0,0.0,0.0,0.0,6.8510638297872335,0.0
cottage cheese,5.666666666666666,15.5,7.333333333333333,1.2872727272727273,18.869565217391305,0.0,23.0,0.0,0.0,0.0,6.769230769230769,0.0,0.0,0.0,0.0,0.0,0.0,0.0,0.0,0.0,0.0,0.0,0.0,0.0,0.0,0.0,0.0,0.0,0.0,0.0,2.25531914893617,0.0
couscous,0.0,0.0,0.0,28.29090909090909,0.0,15.714285714285717,26.6,0.0,0.0,0.0,2.5384615384615383,12.333333333333336,0.0,0.0,0.0,0.0,0.0,0.0,0.0,0.0,0.0,0.0,0.0,0.0,0.0,0.0,0.0,0.0,0.0,0.0,4.0212765957446805,0.0
crab,0.9487179487179488,1.005,32.33333333333333,0.0,17.17391304347826,0.0,35.76,0.0,0.1111111111111111,3.6666666666666665,7.000000000000001,2.7777777777777777,0.0,12.266666666666667,0.0,1.916666666666667,7.153846153846153,17.16875,9.176470588235293,12.75,138.75000000000003,0.0,0.0,18.72,8.571428571428571,34.63636363636364,78.0,90.44444444444444,0.0,0.0,5.51063829787234,14.70909090909091
cranberry,0.0,0.0,0.0,4.545454545454546,0.6521739130434783,0.0,0.0,0.0,0.0,27.77777777777778,0.0,0.8333333333333334,0.0,0.0,0.0,0.0,0.0,0.0,0.0,0.0,0.0,0.0,0.0,0.0,0.0,0.0,0.0,0.0,0.0,0.0,0.0,0.0
cream cheese,41.15384615384616,106.99999999999999,35.66666666666667,2.596363636363636,14.739130434782608,0.0,14.279999999999998,0.0,0.0,0.0,7.384615384615385,0.0,0.0,0.0,0.0,0.0,0.0,0.0,0.0,0.0,0.0,0.0,0.0,0.0,0.0,0.0,0.0,0.0,0.0,0.0,0.0,0.0
créme de cacao,2.0256410256410255,4.175,1.6666666666666667,5.621818181818182,0.782608695652174,0.7142857142857143,3.4799999999999995,0.0,1.5555555555555556,0.0,4.3076923076923075,0.5555555555555556,2.5,0.2,0.0,2.666666666666667,5.076923076923077,0.43750000000000006,1.5882352941176472,0.25,9.166666666666668,0.0,0.0,4.24,2.142857142857143,2.5454545454545454,2.909090909090909,1.5555555555555556,0.0,0.0,1.574468085106383,1.5090909090909093
cucumber,0.16666666666666669,0.135,0.0,2.469090909090909,10.26086956521739,1.7857142857142856,1.0,0.0,0.33333333333333337,2.7777777777777777,1.0769230769230769,0.3888888888888889,0.0,0.13333333333333333,0.0,1.7500000000000002,1.846153846153846,0.44999999999999996,2.176470588235294,1.5,0.0,0.0,0.0,1.52,1.9047619047619049,1.3636363636363635,0.5454545454545454,5.0,0.0,0.0,2.9148936170212765,0.7818181818181817
cumin,28.589743589743588,7.7,0.0,16.072727272727274,7.304347826086957,37.5,35.6,0.0,7.111111111111111,8.555555555555555,71.61538461538461,368.8888888888889,0.0,22.2,0.0,52.33333333333333,25.153846153846153,28.625,25.588235294117645,2.5,0.0,0.0,0.0,39.92,87.14285714285714,43.63636363636363,9.454545454545455,96.33333333333333,144.7826086956522,0.0,38.08510638297872,4.49090909090909
currant,0.28205128205128205,0.42500000000000004,0.0,27.992727272727276,1.8695652173913044,15.714285714285717,6.860000000000001,0.0,0.4444444444444444,5.222222222222222,6.769230769230769,10.444444444444443,0.0,0.7333333333333333,0.0,13.333333333333334,10.923076923076922,10.09375,17.41176470588235,2.5,0.0,0.0,0.0,7.920000000000001,8.571428571428571,3.3636363636363638,1.2727272727272725,33.11111111111111,0.0,0.0,16.53191489361702,1.927272727272727
curry,0.0,0.0,0.0,0.0,0.0,0.0,0.0,0.0,0.0,0.0,0.0,0.0,0.0,0.0,0.0,0.0,0.0,0.0,0.0,0.0,0.0,0.0,0.0,0.0,0.0,0.0,0.0,0.0,0.0,0.0,0.0,0.0
dill,0.5512820512820512,0.0,0.0,0.7236363636363636,35.130434782608695,3.571428571428571,0.96,0.0,0.4444444444444444,2.3333333333333335,4.153846153846154,1.277777777777778,0.0,0.0,14.000000000000002,3.916666666666667,4.384615384615385,0.68125,2.0,0.0,0.0,0.0,4.0,1.28,1.6904761904761905,1.0,0.0,2.888888888888889,2.4347826086956523,0.0,2.382978723404255,0.0
duck,0.16666666666666669,0.25499999999999995,0.0,22.058181818181815,30.956521739130434,2.142857142857143,0.72,0.0,0.8888888888888888,1.0,0.8461538461538461,2.166666666666667,0.0,1.3333333333333335,0.0,1.916666666666667,1.0769230769230769,1.49375,1.8823529411764708,0.5,0.0,0.0,0.0,0.72,1.1904761904761905,1.909090909090909,2.3636363636363638,4.111111111111111,0.0,0.0,1.8510638297872342,0.3090909090909091
egg,36.92307692307693,80.0,10.666666666666668,20.98181818181818,7.652173913043478,11.428571428571429,12.82,0.0,0.0,0.0,9.846153846153847,0.0,0.0,0.0,0.0,0.0,0.0,0.0,0.0,0.0,0.0,0.0,0.0,0.0,0.0,0.0,0.0,0.0,0.0,0.0,0.0,0.0
eggplant,19.205128205128204,10.940000000000001,0.0,2.963636363636364,9.086956521739129,13.928571428571429,9.6,0.0,0.7777777777777778,7.888888888888888,2.6923076923076925,9.388888888888888,0.0,4.8,0.0,19.166666666666668,9.461538461538462,10.15,11.470588235294118,9.75,0.0,0.0,0.0,13.120000000000001,19.761904761904763,12.363636363636363,17.636363636363637,43.77777777777778,0.0,0.0,5.617021276595745,2.0
endive,0.2564102564102564,0.24000000000000002,0.0,1.2181818181818183,0.9565217391304347,11.071428571428573,2.5,0.0,12.0,7.222222222222221,4.0,4.611111111111111,0.0,2.933333333333333,0.0,6.666666666666667,5.769230769230769,2.5,1.1764705882352942,35.5,0.0,0.0,18.0,2.2399999999999998,3.571428571428571,7.1818181818181825,0.36363636363636365,11.0,18.26086956521739,0.0,6.680851063829787,3.0545454545454547
escarole,0.0,0.0,0.0,1.2836363636363635,1.0434782608695654,12.5,2.36,0.0,0.0,0.0,3.6153846153846154,0.0,0.0,0.0,0.0,0.0,0.0,0.0,0.0,0.0,0.0,0.0,0.0,0.0,0.0,0.0,0.0,0.0,0.0,0.0,6.765957446808511,0.0
fennel,4.128205128205129,4.43,0.6666666666666667,3.0254545454545454,8.782608695652174,12.5,2.84,0.0,7.222222222222221,12.88888888888889,4.3076923076923075,4.666666666666666,0.0,7.400000000000001,0.0,0.8333333333333334,2.6923076923076925,4.33125,3.9411764705882355,6.5,0.0,0.0,0.0,4.5600000000000005,4.523809523809524,2.090909090909091,1.4545454545454546,8.333333333333332,0.0,0.0,10.042553191489361,2.7818181818181817
feta,36.66666666666667,125.0,0.0,3.8909090909090907,29.52173913043478,0.0,0.0,0.0,0.0,0.0,0.0,0.0,0.0,0.0,0.0,0.0,0.0,0.0,0.0,0.0,104.16666666666667,0.0,0.0,0.0,0.0,0.0,0.0,0.0,0.0,0.0,0.0,0.0
fig,0.0,0.0,0.0,23.636363636363637,0.21739130434782608,0.0,0.0,120.0,0.0,0.0,1.153846153846154,0.0,0.0,0.0,0.0,0.0,0.0,0.0,0.0,0.0,0.0,0.0,0.0,0.0,0.0,0.0,0.0,0.0,0.0,0.0,2.2340425531914896,0.0
fish,20.769230769230766,18.65,9.333333333333334,7.89090909090909,17.47826086956522,5.357142857142857,22.0,0.0,0.4444444444444444,0.0,1.2307692307692308,4.666666666666666,0.0,45.86666666666667,3.916666666666667,10.166666666666666,8.923076923076923,9.625,4.588235294117647,6.0,40.0,0.0,5.44,15.28,5.952380952380952,3.818181818181818,28.545454545454547,6.5555555555555545,7.91304347826087,0.0,3.9361702127659575,7.781818181818181
fontina,39.92307692307692,95.98,38.666666666666664,0.5636363636363636,34.78260869565217,0.0,51.2,0.0,28.999999999999996,0.0,42.30769230769231,1.277777777777778,3.0,1.8000000000000003,0.0,1.7500000000000002,15.692307692307692,0.9375,4.882352941176471,1.5,70.0,0.0,0.0,27.68,3.3333333333333335,31.818181818181817,26.36363636363636,2.777777777777778,0.0,0.0,1.3617021276595744,2.8000000000000003
fortified wine,0.0,0.0,0.0,0.5890909090909091,0.47826086956521735,0.0,0.08,0.0,0.0,0.0,0.5384615384615384,1.2222222222222223,0.0,0.0,0.0,0.25,1.0769230769230769,0.61875,1.8823529411764708,0.25,0.0,0.0,0.0,0.96,1.6666666666666667,1.0909090909090908,0.18181818181818182,0.7777777777777778,0.0,0.0,1.276595744680851,0.5454545454545455
frangelico,26.410256410256412,16.299999999999997,13.666666666666666,1.3818181818181818,12.73913043478261,0.0,24.0,0.0,0.0,0.7777777777777778,0.8461538461538461,2.166666666666667,0.0,0.0,0.0,0.0,0.0,0.0,0.0,0.0,0.0,0.0,0.0,0.0,0.0,0.0,0.0,0.0,0.0,0.0,0.0,0.0
garlic,0.0,0.0,0.0,12.109090909090908,0.0,0.0,0.0,0.0,0.0,88.88888888888889,51.30769230769231,0.0,0.0,0.0,0.0,0.0,0.0,0.0,0.0,0.0,0.0,0.0,0.0,0.0,0.0,0.0,0.0,0.0,0.0,0.0,0.0,0.0
gin,0.0,0.0,0.0,0.0,0.043478260869565216,0.0,0.0,0.0,0.0,0.0,0.0,0.2222222222222222,0.0,0.0,0.0,0.5,0.3076923076923077,0.08125,0.05882352941176471,0.0,0.0,0.0,0.0,0.32,0.0,0.36363636363636365,0.0,2.3333333333333335,0.0,0.0,0.0425531914893617,0.0
ginger,0.0,0.0,0.0,0.0,0.0,0.0,0.0,0.0,0.0,0.0,0.0,0.0,0.0,0.0,0.0,0.0,0.0,0.0,0.0,0.0,0.0,0.0,0.0,0.0,0.0,0.0,0.0,0.0,0.0,0.0,0.0,0.0
goat cheese,41.15384615384616,106.99999999999999,32.0,0.0,29.52173913043478,0.0,50.0,0.0,0.0,4.777777777777778,54.92307692307692,0.0,0.0,0.0,0.0,0.0,0.0,0.0,0.0,0.0,0.0,0.0,0.0,0.0,0.0,0.0,0.0,0.0,0.0,0.0,0.0,0.0
grape,0.0,0.0,0.0,4.8,0.13043478260869568,0.0,0.0,0.0,0.0,22.555555555555557,0.0,0.0,0.0,0.0,0.0,0.0,0.0,0.0,0.0,0.0,0.0,0.0,0.0,0.0,0.0,0.0,0.0,0.0,0.0,0.0,0.0,0.0
green bean,0.0,0.0,0.0,1.5018181818181817,14.000000000000002,6.071428571428571,0.0,0.0,0.0,0.0,1.3076923076923077,1.6666666666666667,0.0,0.0,0.0,0.0,0.0,0.0,0.0,0.0,0.0,0.0,0.0,0.0,0.0,0.0,0.0,0.0,0.0,0.0,0.0,0.0
green onion,0.2435897435897436,0.16,0.0,2.669090909090909,0.6956521739130435,9.285714285714286,3.66,0.0,5.555555555555555,20.88888888888889,5.538461538461538,8.222222222222223,0.0,3.6666666666666665,0.0,4.583333333333334,6.153846153846153,3.28125,3.5882352941176467,16.0,0.0,0.0,0.0,2.96,4.761904761904762,3.5454545454545454,1.0909090909090908,9.222222222222221,0.0,0.0,5.872340425531915,1.0363636363636364
ground beef,34.35897435897436,53.49999999999999,28.333333333333332,0.0,2.9130434782608696,0.0,34.0,0.0,0.0,0.0,1.3846153846153846,8.944444444444445,0.0,0.0,0.0,0.0,0.0,0.0,0.0,0.0,0.0,0.0,0.0,0.0,0.0,0.0,0.0,0.0,0.0,0.0,0.0,0.0
ground lamb,26.282051282051285,44.65,25.333333333333336,0.0,3.0869565217391304,0.0,34.0,0.0,0.0,0.0,0.0,8.944444444444445,0.0,0.0,0.0,0.0,0.0,0.0,0.0,0.0,0.0,0.0,0.0,0.0,0.0,0.0,0.0,0.0,0.0,0.0,0.0,0.0
guava,0.2564102564102564,0.2,0.0,4.072727272727272,0.43478260869565216,18.571428571428573,1.2,0.0,0.0,0.0,1.5384615384615385,3.055555555555556,0.0,0.0,0.0,0.0,0.0,0.0,0.0,0.0,0.0,0.0,0.0,0.0,0.0,0.0,0.0,0.0,0.0,0.0,5.914893617021277,0.0
halibut,2.2564102564102564,0.0,11.666666666666666,0.0,2.3043478260869565,0.0,41.2,0.0,0.0,0.0,1.8461538461538463,5.888888888888889,0.0,0.0,0.0,0.0,0.0,0.0,0.0,0.0,0.0,0.0,0.0,0.0,0.0,0.0,0.0,0.0,0.0,0.0,0.0,0.0
ham,4.961538461538462,6.425,18.0,0.5745454545454546,49.95652173913043,0.0,38.08,0.0,1.4444444444444444,0.0,0.6153846153846154,4.666666666666666,3.4999999999999996,1.4666666666666666,0.0,35.5,14.692307692307693,37.84375,24.176470588235293,0.25,16.666666666666668,0.0,0.0,22.08,4.761904761904762,16.727272727272727,61.45454545454545,13.777777777777779,0.0,0.0,7.8936170212765955,13.745454545454544
harpercollins,0.0,0.0,0.0,0.0,0.0,0.0,0.0,0.0,0.0,0.0,0.0,0.0,0.0,0.0,0.0,0.0,0.0,0.0,0.0,0.0,0.0,0.0,0.0,0.0,0.0,0.0,0.0,0.0,0.0,0.0,0.0,0.0
hazelnut,40.64102564102564,85.50000000000001,4.0,20.400000000000002,3.173913043478261,8.571428571428571,14.64,0.0,0.0,0.0,11.23076923076923,24.38888888888889,0.0,0.0,0.0,0.0,0.0,0.0,0.0,0.0,0.0,0.0,0.0,0.0,0.0,0.0,0.0,0.0,0.0,0.0,0.0,0.0
herb,0.0,0.01,0.0,0.07272727272727274,0.043478260869565216,0.0,0.0,0.0,0.1111111111111111,0.0,0.15384615384615385,0.4444444444444444,0.0,0.0,0.0,0.8333333333333334,0.3076923076923077,0.0,0.0,0.25,0.0,0.0,0.21999999999999997,0.0,0.2380952380952381,0.36363636363636365,0.0,1.6666666666666667,1.9130434782608694,0.0,0.19148936170212766,0.0
hominy,0.0,0.0,0.0,4.363636363636364,18.782608695652172,2.857142857142857,1.6,0.0,0.0,0.0,0.0,1.6111111111111112,0.0,0.0,0.0,0.0,0.0,0.0,0.0,0.0,0.0,0.0,0.0,0.0,0.0,0.0,0.0,0.0,0.0,0.0,0.0,0.0
honey,0.0,0.0,0.0,29.963636363636365,0.17391304347826086,0.7142857142857143,0.6,0.0,0.0,0.5555555555555556,0.46153846153846156,2.333333333333333,0.0,0.0,0.0,0.0,2.923076923076923,0.75625,1.411764705882353,0.5,0.0,0.0,1.36,0.32,0.4761904761904762,2.0,1.4545454545454546,3.9999999999999996,3.4782608695652173,0.0,1.1063829787234043,0.4
honeydew,0.17948717948717952,0.19,0.0,3.3054545454545456,0.782608695652174,2.857142857142857,1.08,0.0,0.33333333333333337,20.0,0.46153846153846156,0.9444444444444444,0.0,0.13333333333333333,0.0,3.166666666666667,0.923076923076923,2.6125,5.176470588235294,4.75,0.0,0.0,0.0,0.88,2.380952380952381,0.8181818181818181,1.2727272727272725,2.6666666666666665,0.0,0.0,4.851063829787234,1.3818181818181818
horseradish,0.8846153846153846,0.44999999999999996,0.0,4.1054545454545455,18.26086956521739,11.785714285714285,2.36,0.0,0.0,27.666666666666668,4.3076923076923075,2.333333333333333,0.0,0.06666666666666667,0.0,0.6666666666666667,1.846153846153846,2.4125,4.294117647058823,14.249999999999998,0.0,0.0,0.0,2.48,6.428571428571428,7.545454545454546,5.09090909090909,6.444444444444445,0.0,0.0,5.23404255319149,1.1818181818181819
hot pepper,32.05128205128205,106.99999999999999,35.66666666666667,2.596363636363636,49.56521739130435,0.0,42.8,0.0,0.0,0.0,41.23076923076923,0.0,0.0,0.0,0.0,0.0,0.0,0.0,0.0,0.0,0.0,0.0,0.0,0.0,0.0,0.0,0.0,0.0,0.0,0.0,0.0,0.0
jalapeño,33.205128205128204,51.5,23.0,1.2545454545454546,34.47826086956522,6.071428571428571,34.4,0.0,0.0,0.0,4.0,1.8888888888888888,0.0,0.0,0.0,0.0,0.0,0.0,0.0,0.0,0.0,0.0,0.0,0.0,0.0,0.0,0.0,0.0,0.0,0.0,2.1914893617021276,0.0
jam,0.08974358974358976,0.05,0.0,25.040000000000003,1.391304347826087,3.9285714285714293,0.74,0.0,0.0,9.777777777777779,1.5384615384615385,2.722222222222222,0.0,0.8,0.0,1.3333333333333335,5.846153846153846,0.22499999999999998,1.1764705882352942,2.75,0.0,0.0,0.0,1.52,0.9523809523809524,0.5454545454545454,3.6363636363636362,11.111111111111112,0.0,0.0,1.6382978723404256,1.8545454545454545
jícama,0.0,0.0,0.0,0.0,0.0,0.0,0.0,0.0,0.0,0.0,0.0,0.0,0.0,0.0,0.0,0.0,0.0,0.0,0.0,0.0,0.0,0.0,0.0,0.0,0.0,0.0,0.0,0.0,0.0,0.0,0.0,0.0
kahlúa,0.0,0.0,0.0,0.0,0.0,0.0,0.0,0.0,0.0,0.0,0.0,0.0,0.0,0.0,0.0,0.0,0.0,0.0,0.0,0.0,0.0,0.0,0.0,0.0,0.0,0.0,0.0,0.0,0.0,0.0,0.0,0.0
kale,1.1282051282051282,0.0,0.0,3.538181818181818,1.9130434782608694,6.42857142857143,7.08,0.0,0.0,135.55555555555557,10.23076923076923,8.833333333333334,0.0,0.0,0.0,0.0,9.23076923076923,6.625,15.588235294117647,0.0,0.0,0.0,0.0,4.24,8.333333333333332,0.0,0.0,29.444444444444446,43.47826086956522,0.0,9.51063829787234,0.0
kirsch,0.14102564102564102,0.0,0.0,12.072727272727274,0.043478260869565216,0.0,0.0,0.0,0.0,0.0,0.0,0.2222222222222222,0.0,0.0,0.0,0.33333333333333337,0.6923076923076923,0.05,0.05882352941176471,0.0,0.0,0.0,0.0,0.24,0.0,0.2727272727272727,0.36363636363636365,1.7777777777777777,0.0,0.0,0.0425531914893617,0.0
kiwi,0.8717948717948719,0.0,0.0,5.418181818181819,0.0,9.642857142857144,2.7,0.0,0.0,103.55555555555556,3.1538461538461537,1.3333333333333333,0.0,0.0,0.0,0.0,0.0,0.0,0.0,0.0,0.0,0.0,0.0,0.0,0.0,0.0,0.0,0.0,0.0,0.0,6.617021276595744,0.0
kumquat,1.1025641025641024,0.515,0.0,5.781818181818181,0.43478260869565216,23.214285714285715,3.7599999999999993,0.0,1.6666666666666667,48.77777777777778,4.769230769230769,4.777777777777778,0.0,1.0,0.0,3.0833333333333335,6.9230769230769225,2.68125,2.1176470588235294,4.25,0.0,0.0,0.0,1.52,4.761904761904762,1.5454545454545454,0.0,10.555555555555555,0.0,0.0,3.957446808510638,1.5272727272727273
lamb,26.282051282051285,49.1,23.666666666666668,0.0,3.304347826086956,0.0,34.0,0.0,0.0,0.0,0.0,8.055555555555555,0.0,0.0,0.0,0.0,0.0,0.0,0.0,0.0,0.0,0.0,0.0,0.0,0.0,0.0,0.0,0.0,0.0,0.0,0.0,0.0
lamb chop,20.858974358974358,33.01,32.33333333333333,0.0,16.82608695652174,0.0,54.72,0.0,0.0,0.0,1.5384615384615385,10.5,0.5,0.9333333333333335,0.0,8.666666666666668,20.23076923076923,43.25,8.470588235294118,5.25,103.33333333333334,0.0,0.0,16.72,6.190476190476191,34.36363636363636,54.36363636363636,15.11111111111111,0.0,0.0,7.425531914893617,18.21818181818182
leafy green,9.410256410256409,8.185,7.666666666666666,2.3527272727272726,13.56521739130435,3.214285714285715,16.22,0.0,0.5555555555555556,1.3333333333333333,1.0,4.500000000000001,0.0,6.000000000000001,0.0,3.166666666666667,6.615384615384615,10.2875,7.647058823529412,3.0,16.666666666666668,0.0,0.0,5.680000000000001,3.0952380952380953,12.636363636363635,14.181818181818182,4.777777777777778,0.0,0.0,2.9574468085106385,6.2727272727272725
leek,3.91025641025641,3.7900000000000005,0.6666666666666667,5.36,6.565217391304349,6.785714285714286,3.1400000000000006,0.0,10.444444444444445,11.777777777777777,4.769230769230769,12.166666666666666,0.0,9.133333333333333,0.0,4.666666666666667,2.3076923076923075,2.475,13.882352941176471,14.249999999999998,0.0,0.0,0.0,2.96,6.904761904761905,1.1818181818181819,1.8181818181818181,13.88888888888889,0.0,0.0,4.0,1.8363636363636364
legume,1.1410256410256412,0.0,0.0,22.072727272727274,6.217391304347826,108.57142857142857,50.0,0.0,0.0,4.777777777777778,5.461538461538462,44.66666666666666,0.0,0.0,0.0,0.0,0.0,0.0,0.0,0.0,0.0,0.0,0.0,0.0,0.0,0.0,0.0,0.0,0.0,0.0,0.0,0.0
lemon,38.46153846153847,16.650000000000002,0.0,2.4254545454545458,34.78260869565217,0.0,0.0,0.0,0.0,4.444444444444445,0.0,0.0,0.0,0.0,0.0,0.0,0.0,0.0,0.0,0.0,0.0,0.0,0.0,0.0,0.0,0.0,0.0,0.0,0.0,0.0,0.0,0.0
lemon juice,0.0,0.0,0.0,0.0,0.0,0.0,0.0,0.0,0.0,0.0,0.0,0.0,0.0,0.0,0.0,0.0,0.0,0.0,0.0,0.0,0.0,0.0,0.0,0.0,0.0,0.0,0.0,0.0,0.0,0.0,0.0,0.0
lemongrass,1.358974358974359,1.7499999999999998,0.0,2.9818181818181815,6.304347826086956,5.357142857142857,2.6,0.0,0.0,0.0,1.7692307692307692,0.0,0.0,0.0,0.0,0.0,0.0,0.0,0.0,0.0,0.0,0.0,0.0,0.0,0.0,0.0,0.0,0.0,0.0,0.0,0.0,0.0
lentil,7.2435897435897445,6.4399999999999995,0.0,4.483636363636364,16.652173913043477,12.142857142857142,7.359999999999999,0.0,4.111111111111112,8.555555555555555,1.9230769230769231,7.888888888888888,0.0,9.4,0.0,5.833333333333334,4.769230769230769,5.0375000000000005,7.705882352941177,15.75,0.4166666666666667,0.0,0.0,6.239999999999999,5.476190476190476,5.363636363636363,2.727272727272727,17.11111111111111,0.0,0.0,6.212765957446809,3.472727272727273
lettuce,0.1282051282051282,0.13,0.0,1.3418181818181818,1.0,4.642857142857143,1.8399999999999999,0.0,33.55555555555556,8.88888888888889,2.3846153846153846,1.4444444444444446,0.0,1.1333333333333333,0.0,5.500000000000001,4.923076923076923,2.0187500000000003,3.6470588235294117,9.5,0.0,0.0,0.0,1.8399999999999999,2.619047619047619,2.3636363636363638,1.0909090909090908,4.444444444444445,0.0,0.0,5.297872340425532,1.9090909090909092
lima bean,8.794871794871796,4.76,0.0,7.054545454545454,9.478260869565219,23.214285714285715,14.499999999999998,0.0,0.0,0.0,1.2307692307692308,12.388888888888888,0.0,9.333333333333332,0.0,11.833333333333334,3.769230769230769,2.325,8.352941176470589,18.25,0.0,0.0,0.0,8.24,9.523809523809524,8.0,7.636363636363637,24.22222222222222,0.0,0.0,10.042553191489361,5.49090909090909
lime,19.256410256410255,13.635,83.33333333333334,14.483636363636363,3.4347826086956523,2.857142857142857,17.64,0.0,12.222222222222221,5.555555555555555,3.0,7.4444444444444455,7.5,5.6000000000000005,0.0,8.083333333333334,20.53846153846154,0.8187500000000001,3.6470588235294117,9.0,20.833333333333336,0.0,0.0,11.600000000000001,4.761904761904762,11.363636363636363,35.63636363636364,12.88888888888889,0.0,0.0,3.042553191489362,30.69090909090909
lime juice,0.0,0.0,0.0,2.4254545454545458,0.0,0.0,0.0,0.0,0.0,37.0,0.0,0.0,0.0,0.0,0.0,0.0,0.0,0.0,0.0,0.0,0.0,0.0,0.0,0.0,0.0,0.0,0.0,0.0,0.0,0.0,2.127659574468085,0.0
liqueur,0.14102564102564102,0.0,0.0,12.072727272727274,0.043478260869565216,0.0,0.0,0.0,0.0,0.0,0.0,0.2222222222222222,0.0,0.0,0.0,0.33333333333333337,0.6923076923076923,0.05,0.05882352941176471,0.0,0.0,0.0,0.0,0.24,0.0,0.2727272727272727,0.36363636363636365,1.7777777777777777,0.0,0.0,0.0425531914893617,0.0
lobster,1.217948717948718,1.145,53.666666666666664,0.0,23.26086956521739,0.0,41.82,0.0,0.1111111111111111,0.0,8.153846153846153,1.8333333333333333,0.0,7.333333333333333,0.0,1.8333333333333333,1.3076923076923077,11.95625,6.9411764705882355,2.25,55.833333333333336,0.0,0.0,16.32,11.428571428571429,40.63636363636363,146.36363636363637,189.77777777777777,0.0,0.0,5.382978723404255,16.18181818181818
macadamia nut,97.17948717948718,60.5,0.0,5.0181818181818185,0.21739130434782608,30.71428571428571,15.82,0.0,0.0,1.3333333333333333,6.538461538461539,20.5,0.0,0.0,0.0,100.0,12.461538461538462,15.437500000000002,16.176470588235293,2.75,0.0,0.0,15.160000000000002,15.040000000000001,30.952380952380953,11.818181818181818,6.545454545454546,84.0,179.56521739130434,0.0,7.829787234042553,0.0
mango,0.0,0.0,0.0,30.909090909090907,0.0,17.857142857142858,5.0,0.0,0.0,0.0,2.923076923076923,0.0,0.0,0.0,0.0,0.0,0.0,0.0,0.0,0.0,0.0,0.0,0.0,0.0,0.0,0.0,0.0,0.0,0.0,0.0,18.617021276595743,0.0
maple syrup,0.0,0.0,0.0,31.527272727272727,0.08695652173913043,0.0,0.0,0.0,0.0,0.0,7.6923076923076925,0.0,0.0,0.0,0.0,0.0,0.0,0.0,0.0,0.0,0.0,0.0,0.0,0.0,0.0,0.0,0.0,0.0,0.0,0.0,6.021276595744681,0.0
mardi gras,0.0,0.0,0.0,36.36363636363637,0.0,0.0,0.0,0.0,0.0,0.0,0.0,0.0,0.0,0.0,0.0,0.0,0.0,0.0,0.0,0.0,0.0,0.0,0.0,0.0,0.0,0.0,0.0,0.0,0.0,0.0,0.0,0.0
marinate,0.0,0.0,0.0,0.0,0.0,0.0,0.0,0.0,0.0,0.0,0.0,0.0,0.0,0.0,0.0,0.0,0.0,0.0,0.0,0.0,0.0,0.0,0.0,0.0,0.0,0.0,0.0,0.0,0.0,0.0,0.0,0.0
marsala,73.2051282051282,71.50000000000001,0.0,0.0,76.52173913043478,0.0,0.0,0.0,0.0,0.0,0.0,0.0,0.0,0.0,0.0,0.0,0.0,0.0,0.0,0.0,0.0,0.0,0.0,0.0,0.0,0.0,0.0,0.0,0.0,0.0,0.0,0.0
mayonnaise,99.74358974358975,55.49999999999999,18.666666666666668,0.0,26.565217391304348,0.0,0.0,0.0,0.0,0.0,0.0,0.0,0.0,0.0,0.0,0.0,0.0,0.0,0.0,0.0,0.0,0.0,0.0,0.0,0.0,0.0,0.0,0.0,0.0,0.0,0.0,0.0
meat,14.871794871794872,20.099999999999998,19.333333333333332,0.0,9.695652173913045,0.0,35.8,0.0,0.0,0.0,1.3846153846153846,3.5555555555555554,0.0,0.0,0.0,0.0,0.0,0.0,0.0,0.0,0.0,0.0,0.0,0.0,0.0,0.0,0.0,0.0,0.0,0.0,0.0,0.0
melon,0.20512820512820512,0.17500000000000002,0.0,3.0072727272727273,0.6956521739130435,2.5,1.32,0.0,9.777777777777779,13.666666666666668,0.5384615384615384,1.4444444444444446,0.0,0.26666666666666666,0.0,3.3333333333333335,1.5384615384615383,2.6875,3.4117647058823533,3.0,0.0,0.0,0.0,1.04,2.619047619047619,1.909090909090909,1.6363636363636365,5.555555555555556,0.0,0.0,3.5319148936170213,1.1636363636363638
milk,2.717948717948718,6.35,2.666666666666667,1.8472727272727272,2.391304347826087,0.0,6.78,0.0,0.0,1.1111111111111112,9.769230769230768,0.0,0.0,0.0,0.0,0.0,0.0,0.0,0.0,0.0,0.0,0.0,0.0,0.0,0.0,0.0,0.0,0.0,0.0,0.0,0.0,0.0
mint,0.0,0.0,0.0,38.18181818181819,0.0,0.0,0.0,0.0,0.0,0.0,0.0,0.0,0.0,0.0,0.0,0.0,0.0,0.0,0.0,0.0,0.0,0.0,0.0,0.0,0.0,0.0,0.0,0.0,0.0,0.0,0.0,0.0
molasses,0.1282051282051282,0.09,0.0,27.174545454545456,1.608695652173913,0.0,0.0,0.0,0.0,0.0,15.769230769230768,26.222222222222218,0.0,0.0,0.0,3.416666666666667,0.15384615384615385,5.8125,39.411764705882355,0.0,0.0,0.0,0.0,2.48,57.61904761904761,2.6363636363636362,32.36363636363637,54.11111111111111,0.0,0.0,31.148936170212764,2.4181818181818184
mozzarella,32.05128205128205,71.50000000000001,23.666666666666668,1.298181818181818,7.782608695652174,0.0,42.8,0.0,0.0,0.0,41.23076923076923,0.0,0.0,0.0,0.0,0.0,0.0,0.0,0.0,0.0,0.0,0.0,0.0,0.0,0.0,0.0,0.0,0.0,0.0,0.0,0.0,0.0
mushroom,7.935897435897436,4.3999999999999995,0.0,1.9309090909090907,15.782608695652172,3.214285714285715,1.76,0.0,0.0,0.0,2.076923076923077,4.888888888888889,0.0,0.0,0.0,0.0,0.0,0.0,0.0,0.0,0.0,0.0,0.0,0.0,0.0,0.0,0.0,0.0,0.0,0.0,7.1489361702127665,0.0
mussel,3.6410256410256405,2.69,11.666666666666666,1.6981818181818182,15.739130434782608,0.0,30.12,0.0,6.444444444444445,9.0,2.5384615384615383,27.77777777777778,0.0,4.666666666666666,0.0,14.333333333333334,19.46153846153846,12.025,3.3529411764705883,10.0,537.9166666666667,0.0,0.0,19.919999999999998,10.238095238095237,18.363636363636363,103.0909090909091,13.222222222222221,0.0,0.0,8.617021276595745,14.963636363636363
mustard,4.333333333333334,1.26,0.0,1.927272727272727,47.82608695652174,15.357142857142856,8.5,0.0,0.4444444444444444,0.4444444444444444,4.846153846153846,8.833333333333334,0.0,2.333333333333333,0.0,15.75,5.076923076923077,3.5062500000000005,4.058823529411765,1.7500000000000002,0.0,0.0,0.0,8.64,11.428571428571429,5.818181818181818,61.81818181818181,8.222222222222221,0.0,0.0,3.1914893617021276,4.072727272727272
mustard greens,0.0,0.0,0.0,1.7127272727272727,1.0434782608695654,12.5,7.06,0.0,0.0,52.33333333333333,8.153846153846153,6.5555555555555545,0.0,0.0,0.0,0.0,0.0,0.0,0.0,0.0,0.0,0.0,0.0,0.0,0.0,0.0,0.0,0.0,0.0,0.0,7.51063829787234,0.0
nectarine,0.35897435897435903,0.0,0.0,3.338181818181818,0.5652173913043479,5.357142857142857,2.12,0.0,2.3333333333333335,3.2222222222222223,0.15384615384615385,1.6666666666666667,0.0,4.066666666666666,0.0,2.8333333333333335,2.076923076923077,7.000000000000001,1.4705882352941178,1.5,0.0,0.0,0.0,2.08,2.142857142857143,1.909090909090909,0.0,9.11111111111111,0.0,0.0,2.7872340425531914,1.1272727272727272
nut,49.871794871794876,0.0,0.0,13.199999999999998,0.20695652173913043,14.64285714285714,34.8,0.0,0.0,0.0,3.230769230769231,33.27777777777778,0.0,0.0,0.0,0.0,0.0,0.0,0.0,0.0,0.0,0.0,0.0,42.559999999999995,59.76190476190476,46.09090909090909,37.63636363636363,246.66666666666669,84.78260869565219,0.0,13.574468085106384,0.0
nutmeg,128.2051282051282,450.0,0.0,0.0,0.0,0.0,0.0,0.0,0.0,0.0,0.0,0.0,0.0,0.0,0.0,0.0,0.0,0.0,0.0,0.0,0.0,0.0,0.0,0.0,0.0,0.0,0.0,0.0,0.0,0.0,0.0,0.0
oat,2.9871794871794872,0.935,0.0,1.9527272727272726,1.8695652173913044,1.7857142857142856,1.32,0.0,0.0,0.0,11.923076923076923,1.1666666666666665,8.5,2.466666666666667,0.0,1.916666666666667,0.6153846153846154,0.35000000000000003,0.29411764705882354,0.5,20.833333333333336,0.0,0.0,1.6,1.9047619047619049,1.7272727272727273,2.727272727272727,3.2222222222222223,0.0,0.0,0.3829787234042553,0.36363636363636365
okra,0.0,0.0,0.0,2.909090909090909,0.13043478260869568,3.571428571428571,6.0,0.0,0.0,13.333333333333334,6.153846153846154,3.0000000000000004,0.0,0.0,0.0,0.0,0.0,0.0,0.0,0.0,0.0,0.0,0.0,0.0,0.0,0.0,0.0,0.0,0.0,0.0,0.0,0.0
olive,38.52564102564103,24.26,0.0,1.5163636363636364,36.30434782608696,6.42857142857143,1.46,0.0,1.5555555555555556,0.4444444444444444,4.615384615384616,18.88888888888889,0.0,40.93333333333333,0.0,0.6666666666666667,0.15384615384615385,0.5625,0.823529411764706,0.25,0.0,0.0,0.0,0.24,1.1904761904761905,1.0909090909090908,1.2727272727272725,18.0,0.0,0.0,0.3617021276595745,1.7272727272727273
onion,1.0,0.0,0.0,21.6,18.695652173913043,8.214285714285714,21.8,0.0,0.0,0.0,1.2307692307692308,19.555555555555557,0.0,0.0,0.0,83.33333333333334,25.538461538461537,29.312500000000004,0.0,0.0,0.0,0.0,0.0,0.0,0.0,0.0,0.0,0.0,0.0,0.0,0.0,0.0
orange,0.0,0.0,0.0,32.90909090909091,16.565217391304348,0.0,9.52,0.0,0.0,0.0,0.0,0.0,0.0,0.0,0.0,0.0,0.0,0.0,0.0,0.0,0.0,0.0,0.0,0.0,0.0,0.0,0.0,0.0,0.0,0.0,0.0,0.0
orange juice,0.0,0.0,0.0,3.9272727272727277,0.0,0.0,1.66,0.0,0.0,27.77777777777778,11.23076923076923,0.0,0.0,0.0,0.0,0.0,0.0,1.04375,1.9411764705882355,0.0,0.0,0.0,0.0,0.0,2.380952380952381,0.0,0.0,0.0,0.0,0.0,4.0,0.0
oscars,37.30769230769231,64.0,21.333333333333336,0.890909090909091,51.30434782608696,0.0,22.0,0.0,0.0,0.0,0.9230769230769231,7.555555555555555,4.0,0.0,0.0,4.166666666666667,8.46153846153846,15.125,10.0,3.25,59.583333333333336,0.0,5.6000000000000005,8.72,3.3333333333333335,18.454545454545453,0.0,12.222222222222221,0.0,0.0,3.5744680851063833,0.0
oyster,13.782051282051283,10.71,3.3333333333333335,6.6909090909090905,21.869565217391305,4.285714285714286,9.9,0.0,11.11111111111111,2.0,7.461538461538461,13.444444444444445,2.0,8.933333333333334,0.0,12.333333333333334,8.692307692307692,11.475,4.11764705882353,11.5,81.25,0.0,0.0,5.36,4.285714285714286,91.0909090909091,22.727272727272727,80.33333333333333,0.0,0.0,2.893617021276596,4.3999999999999995
paleo,22.307692307692307,10.85,0.0,20.545454545454543,0.0,46.42857142857143,34.8,0.0,0.0,0.0,6.692307692307692,17.388888888888886,0.0,0.0,0.0,0.0,0.0,0.0,0.0,0.0,0.0,0.0,0.0,0.0,0.0,0.0,0.0,0.0,0.0,0.0,0.0,0.0
papaya,0.0,0.0,0.0,23.636363636363637,0.782608695652174,35.714285714285715,5.0,0.0,20.0,6.666666666666667,11.538461538461538,0.0,0.0,0.0,0.0,0.0,0.0,0.0,0.0,0.0,0.0,0.0,0.0,0.0,0.0,0.0,0.0,0.0,0.0,0.0,0.0,0.0
paprika,0.0,0.0,0.0,0.0,0.0,0.0,0.0,0.0,0.0,0.0,0.0,0.0,0.0,0.0,0.0,0.0,0.0,0.0,0.0,0.0,0.0,0.0,0.0,0.0,0.0,0.0,0.0,0.0,0.0,0.0,0.0,0.0
parmesan,35.64102564102564,77.0,28.666666666666668,5.054545454545455,78.26086956521739,0.0,56.8,0.0,29.11111111111111,0.0,65.61538461538461,2.722222222222222,2.5,3.5333333333333337,7.333333333333332,2.166666666666667,27.538461538461533,0.5,4.764705882352942,1.5,58.333333333333336,0.0,9.0,50.160000000000004,8.095238095238095,38.18181818181819,62.54545454545454,4.444444444444445,3.0869565217391304,0.0,3.829787234042553,2.5636363636363635
parsley,0.0,0.0,0.0,0.0,0.0,0.0,0.0,0.0,0.0,0.0,0.0,0.0,0.0,0.0,0.0,0.0,0.0,0.0,0.0,0.0,0.0,0.0,0.0,0.0,0.0,0.0,0.0,0.0,0.0,0.0,0.0,0.0
parsnip,3.6410256410256405,3.5749999999999997,0.6666666666666667,5.989090909090908,5.695652173913043,12.5,2.58,0.0,1.2222222222222223,13.999999999999998,2.769230769230769,3.111111111111111,0.0,9.000000000000002,0.0,6.666666666666667,3.8461538461538463,4.38125,6.235294117647059,14.000000000000002,0.0,0.0,0.0,5.36,6.666666666666667,2.272727272727273,2.909090909090909,14.888888888888891,0.0,0.0,7.574468085106383,4.8
pasta,2.2948717948717947,0.0,0.0,28.581818181818182,0.0,12.85714285714286,25.0,0.0,0.0,0.0,0.0,17.833333333333336,0.0,0.0,0.0,83.33333333333334,23.384615384615383,33.5,0.0,0.0,0.0,0.0,0.0,0.0,0.0,0.0,0.0,0.0,0.0,0.0,0.0,0.0
pea,18.08974358974359,26.450000000000003,0.0,22.618181818181817,13.043478260869565,13.571428571428571,28.22,0.0,8.555555555555555,0.0,9.461538461538462,21.11111111111111,0.0,15.4,0.0,51.16666666666667,24.153846153846153,31.624999999999996,32.235294117647065,34.5,0.0,0.0,0.0,21.6,24.285714285714285,30.09090909090909,13.090909090909092,49.333333333333336,0.0,0.0,15.574468085106382,10.527272727272727
peach,28.46153846153846,22.200000000000003,22.333333333333332,19.38181818181818,14.956521739130435,7.8571428571428585,8.88,0.0,0.0,5.888888888888888,1.6923076923076923,8.88888888888889,0.0,0.0,0.0,0.0,11.615384615384615,11.125,0.0,0.0,0.0,0.0,0.0,0.0,0.0,0.0,0.0,0.0,0.0,0.0,0.0,0.0
peanut,35.0,53.0,5.0,22.03636363636364,1.956521739130435,10.714285714285714,18.18,0.0,0.0,4.0,4.6923076923076925,6.055555555555555,0.0,0.0,0.0,0.0,0.0,0.0,0.0,0.0,0.0,0.0,0.0,0.0,0.0,0.0,0.0,0.0,0.0,0.0,0.0,0.0
peanut butter,65.84615384615384,51.625,0.0,8.112727272727273,18.521739130434785,17.857142857142858,44.42,0.0,0.0,0.0,3.769230769230769,9.666666666666666,0.0,60.66666666666667,0.0,12.5,14.769230769230768,81.95,25.941176470588236,21.75,0.0,0.0,0.0,26.8,40.0,22.818181818181817,7.454545454545454,46.888888888888886,0.0,0.0,11.872340425531915,11.454545454545455
pear,0.1923076923076923,0.10999999999999999,0.0,5.52,0.13043478260869568,11.071428571428573,0.74,0.0,0.1111111111111111,4.777777777777778,0.6923076923076923,1.0,0.0,0.8,0.0,1.0,1.9999999999999998,1.0125,1.647058823529412,1.7500000000000002,0.0,0.0,0.0,0.88,1.6666666666666667,0.8181818181818181,0.18181818181818182,8.555555555555555,0.0,0.0,2.2127659574468086,0.9272727272727272
pecan,92.3076923076923,30.9,0.0,5.054545454545455,0.0,34.285714285714285,18.34,0.0,0.33333333333333337,1.2222222222222223,5.384615384615385,14.055555555555554,0.0,9.333333333333332,0.0,55.00000000000001,10.0,7.3125,12.352941176470589,5.5,0.0,0.0,17.26,22.16,28.809523809523807,41.18181818181819,6.909090909090909,133.33333333333331,195.6521739130435,0.0,8.72340425531915,7.363636363636364
pepper,0.0,0.0,0.0,24.254545454545458,0.0,118.92857142857143,0.0,0.0,0.0,23.333333333333332,33.61538461538461,160.55555555555554,0.0,0.0,0.0,0.0,0.0,0.0,0.0,0.0,0.0,0.0,0.0,0.0,0.0,0.0,0.0,0.0,0.0,0.0,0.0,0.0
pie,15.512820512820513,33.550000000000004,3.3333333333333335,13.418181818181818,10.782608695652174,0.0,5.36,26.8,0.0,0.0,0.9230769230769231,3.7222222222222228,0.0,0.0,0.0,0.0,0.0,0.0,0.0,0.0,0.0,0.0,0.0,0.0,0.0,0.0,0.0,0.0,0.0,0.0,0.723404255319149,0.0
pine nut,87.65384615384616,24.495,0.0,4.756363636363636,0.08695652173913043,13.214285714285715,27.38,0.0,0.1111111111111111,0.8888888888888888,1.2307692307692308,30.72222222222222,0.0,62.2,0.0,30.333333333333336,17.46153846153846,27.418749999999996,5.529411764705882,8.5,0.0,0.0,0.0,46.0,59.76190476190476,58.63636363636364,1.2727272727272725,147.11111111111111,0.0,0.0,12.702127659574469,10.145454545454545
pineapple,0.0,0.0,0.0,28.581818181818182,0.782608695652174,15.357142857142856,0.0,0.0,0.0,0.0,2.769230769230769,3.5555555555555554,0.0,0.0,0.0,0.0,0.0,0.0,0.0,0.0,0.0,0.0,0.0,0.0,0.0,0.0,0.0,0.0,0.0,0.0,0.0,0.0
pistachio,59.87179487179487,33.35,0.0,9.709090909090909,16.652173913043477,35.714285714285715,40.0,0.0,0.0,4.444444444444445,10.23076923076923,26.666666666666668,0.0,0.0,0.0,0.0,0.0,0.0,58.82352941176471,0.0,0.0,0.0,0.0,40.0,47.61904761904761,0.0,0.0,147.77777777777777,0.0,0.0,0.0,0.0
plantain,37.93589743589744,41.685,0.0,23.21454545454546,8.782608695652174,12.5,4.56,0.0,7.666666666666666,35.66666666666667,0.6923076923076923,5.388888888888889,0.0,33.6,0.0,5.416666666666667,3.0769230769230766,5.0125,27.058823529411768,8.75,0.0,0.0,0.0,6.239999999999999,16.904761904761905,3.3636363636363638,0.7272727272727273,22.0,0.0,0.0,16.72340425531915,0.0
plum,0.35897435897435903,0.085,0.0,4.152727272727272,0.0,5.0,1.4,0.0,1.8888888888888888,10.555555555555555,0.46153846153846156,0.9444444444444444,0.0,1.7333333333333332,0.0,2.3333333333333335,1.9999999999999998,2.6062499999999997,1.7058823529411766,1.25,0.0,0.0,0.0,1.28,1.6666666666666667,0.9090909090909092,0.0,6.333333333333334,0.0,0.0,3.3404255319148937,0.34545454545454546
pomegranate,0.0,0.0,0.0,4.3999999999999995,0.6521739130434783,0.0,0.0,0.0,0.0,6.888888888888889,0.6153846153846154,0.0,0.0,0.0,0.0,0.0,0.0,0.0,0.0,0.0,0.0,0.0,0.0,0.0,0.0,0.0,0.0,0.0,0.0,0.0,0.0,0.0
pork,5.282051282051283,11.75,25.333333333333336,0.4290909090909091,9.217391304347826,0.0,42.4,0.0,0.0,0.0,0.0,7.055555555555555,0.0,0.0,0.0,0.0,0.0,0.0,0.0,0.0,0.0,0.0,0.0,0.0,0.0,0.0,0.0,0.0,0.0,0.0,0.0,0.0
pork chop,11.589743589743588,13.340000000000002,15.333333333333332,2.8436363636363637,18.0,3.571428571428571,36.74,0.0,3.111111111111111,0.3333333333333333,1.153846153846154,4.055555555555555,2.0,2.8666666666666667,0.0,37.333333333333336,12.538461538461537,36.1125,24.176470588235293,14.249999999999998,17.083333333333332,0.0,0.0,13.919999999999998,5.238095238095238,12.181818181818183,73.81818181818181,8.11111111111111,0.0,0.0,6.23404255319149,10.436363636363637
pork rib,19.384615384615383,27.149999999999995,19.333333333333332,4.410909090909091,29.478260869565215,1.0714285714285714,32.44,0.0,0.7777777777777778,0.2222222222222222,3.230769230769231,4.611111111111111,4.0,2.733333333333333,0.0,27.166666666666668,19.0,34.25,18.176470588235293,0.25,21.250000000000004,0.0,0.0,9.68,3.8095238095238098,19.81818181818182,41.27272727272727,10.666666666666666,0.0,0.0,5.0212765957446805,10.309090909090909
pork tenderloin,2.8589743589743586,4.45,18.0,0.9745454545454547,13.217391304347824,0.0,35.8,0.0,0.0,1.2222222222222223,0.0,0.0,0.0,0.0,0.0,0.0,0.0,0.0,0.0,0.0,0.0,0.0,0.0,0.0,0.0,0.0,0.0,0.0,0.0,0.0,0.0,0.0
potato,14.512820512820513,15.560000000000002,24.666666666666668,4.905454545454545,9.521739130434783,5.357142857142857,7.780000000000001,0.0,7.111111111111111,0.5555555555555556,2.5384615384615383,4.166666666666666,2.5,10.4,0.0,8.916666666666668,10.999999999999998,6.2,5.470588235294118,5.75,11.666666666666668,0.0,0.0,6.16,3.0952380952380953,4.0,11.454545454545455,1.9999999999999998,0.0,0.0,4.659574468085107,9.763636363636365
poultry,3.3589743589743595,3.195,1.6666666666666667,1.9236363636363634,16.91304347826087,0.35714285714285715,1.42,0.0,0.1111111111111111,0.0,0.7692307692307693,0.5,0.0,0.6666666666666667,0.0,2.0,4.076923076923077,1.7812499999999998,1.4705882352941178,0.5,0.0,0.0,0.0,1.6,0.7142857142857143,0.7272727272727273,0.7272727272727273,2.111111111111111,0.0,0.0,0.8936170212765958,0.6727272727272727
poultry sausage,3.3589743589743595,3.195,1.6666666666666667,1.9236363636363634,16.91304347826087,0.35714285714285715,1.42,0.0,0.1111111111111111,0.0,0.7692307692307693,0.5,0.0,0.6666666666666667,0.0,2.0,4.076923076923077,1.7812499999999998,1.4705882352941178,0.5,0.0,0.0,0.0,1.6,0.7142857142857143,0.7272727272727273,0.7272727272727273,2.111111111111111,0.0,0.0,0.8936170212765958,0.6727272727272727
prosciutto,27.435897435897434,62.5,29.666666666666668,0.0,99.56521739130434,0.0,50.0,0.0,0.0,0.0,0.0,7.166666666666667,0.0,0.0,0.0,0.0,0.0,0.0,0.0,0.0,0.0,0.0,0.0,0.0,0.0,0.0,0.0,0.0,0.0,0.0,0.0,0.0
prune,0.2564102564102564,0.08,0.0,23.672727272727272,1.0,11.785714285714285,4.2,0.0,11.11111111111111,4.777777777777778,2.3846153846153846,15.555555555555555,0.0,0.0,0.0,3.3333333333333335,0.0,15.625,0.0,0.0,0.0,0.0,8.6,5.76,0.0,0.0,0.0,0.0,0.0,0.0,18.127659574468087,0.0
pumpkin,0.0,0.0,0.0,3.2,0.17391304347826086,11.428571428571429,1.6,0.0,0.0,0.0,1.8461538461538463,8.88888888888889,0.0,0.0,0.0,0.0,0.0,0.0,0.0,0.0,0.0,0.0,0.0,0.0,0.0,0.0,0.0,0.0,0.0,0.0,0.0,0.0
punch,0.0,0.0,0.0,0.0,0.0,0.0,0.0,0.0,0.0,0.0,0.0,0.0,0.0,0.0,0.0,0.0,0.0,0.0,0.0,0.0,0.0,0.0,0.0,0.0,0.0,0.0,0.0,0.0,0.0,0.0,0.0,0.0
quince,0.1282051282051282,0.05,0.0,5.5636363636363635,0.17391304347826086,6.785714285714286,0.8,0.0,0.2222222222222222,16.666666666666664,0.8461538461538461,3.888888888888889,0.0,0.0,0.0,1.6666666666666667,2.3076923076923075,1.25,2.3529411764705883,0.75,0.0,0.0,1.6199999999999999,1.3599999999999999,1.9047619047619049,0.36363636363636365,1.0909090909090908,14.444444444444446,0.0,0.0,4.191489361702128,0.0
rack of lamb,12.769230769230772,21.5,20.666666666666668,0.018181818181818184,2.6956521739130435,0.0,39.8,0.0,0.7777777777777778,0.0,0.6153846153846154,7.555555555555555,0.5,0.0,0.0,5.166666666666667,13.23076923076923,31.374999999999996,13.941176470588236,0.0,42.91666666666667,0.0,11.679999999999998,14.879999999999999,5.238095238095238,19.727272727272727,5.09090909090909,11.222222222222221,0.34782608695652173,0.0,6.893617021276596,0.0
radish,0.1282051282051282,0.16,0.0,1.2363636363636363,1.6956521739130437,5.714285714285714,1.36,0.0,0.0,16.444444444444446,1.9230769230769231,1.8888888888888888,0.0,0.0,0.0,1.0,3.0,1.5875,4.176470588235294,6.25,0.0,0.0,0.0,1.6,2.380952380952381,2.5454545454545454,1.0909090909090908,5.555555555555556,0.0,0.0,4.957446808510638,1.1818181818181819
raisin,5.435897435897436,0.0,0.0,19.090909090909093,15.478260869565217,12.142857142857142,20.4,0.0,0.0,6.777777777777777,2.6153846153846154,16.944444444444443,0.0,0.0,0.0,0.0,22.153846153846153,21.1875,0.0,0.0,0.0,0.0,0.0,0.0,0.0,0.0,0.0,0.0,0.0,0.0,0.0,0.0
ramekin,10.833333333333332,24.65,33.0,5.636363636363637,3.6956521739130435,0.0,8.46,22.6,84.55555555555556,0.0,0.0,2.8333333333333335,0.0,0.0,0.0,0.0,0.0,0.0,0.0,0.0,0.0,0.0,0.0,0.0,0.0,0.0,0.0,0.0,0.0,0.0,0.0,0.0
raspberry,0.0,0.0,0.0,24.254545454545458,0.0,0.0,0.0,111.20000000000002,0.0,0.0,0.0,0.0,0.0,0.0,0.0,0.0,0.0,0.0,0.0,0.0,0.0,0.0,0.0,0.0,0.0,0.0,0.0,0.0,0.0,0.0,0.0,0.0
red wine,0.0,0.0,0.0,0.949090909090909,0.17391304347826086,0.0,0.14,0.0,0.0,0.0,0.6153846153846154,2.555555555555556,0.0,0.0,0.0,0.4166666666666667,2.3846153846153846,1.4000000000000001,3.3529411764705883,0.25,0.0,0.0,0.0,1.8399999999999999,2.857142857142857,1.2727272727272727,0.36363636363636365,1.222222222222222,0.0,0.0,2.702127659574468,1.0363636363636364
rhubarb,0.28205128205128205,0.23500000000000001,0.0,6.345454545454546,0.17391304347826086,5.714285714285714,1.6200000000000003,0.0,0.4444444444444444,6.333333333333334,5.615384615384615,1.1111111111111112,0.0,1.6,0.0,1.1666666666666667,2.1538461538461537,1.5125,1.1764705882352942,1.0,0.0,0.0,0.0,1.04,2.619047619047619,0.8181818181818181,2.0,1.9999999999999998,0.0,0.0,4.957446808510638,1.0
rice,3.115384615384616,0.0,0.0,9.6,20.217391304347824,5.0,6.94,0.0,0.0,2.7777777777777777,2.1538461538461537,10.444444444444443,0.0,0.0,0.0,0.0,0.0,0.0,0.0,0.0,0.0,0.0,0.0,0.0,0.0,0.0,0.0,0.0,0.0,0.0,0.0,0.0
ricotta,12.12820512820513,29.74,13.333333333333334,2.181818181818182,4.434782608695651,0.0,19.2,0.0,13.0,0.0,19.076923076923077,1.5000000000000002,1.0,1.1333333333333333,0.0,2.666666666666667,19.692307692307693,0.76875,3.5294117647058822,2.0,22.500000000000004,0.0,0.0,13.76,4.285714285714286,8.636363636363637,20.18181818181818,1.8888888888888888,0.0,0.0,3.7872340425531914,3.0727272727272723
root vegetable,0.1923076923076923,0.125,0.0,6.290909090909091,0.21739130434782608,11.785714285714285,3.06,0.0,0.0,3.3333333333333335,3.1538461538461537,4.444444444444445,0.0,2.533333333333333,0.0,0.8333333333333334,2.3076923076923075,1.875,14.117647058823529,5.75,0.0,0.0,6.420000000000001,4.08,9.047619047619047,3.0000000000000004,1.2727272727272725,8.555555555555555,10.086956521739133,0.0,6.553191489361702,2.1272727272727274
rosemary,0.0,0.0,0.0,0.0,0.0,0.0,0.0,0.0,0.0,0.0,0.0,0.0,0.0,0.0,0.0,0.0,0.0,0.0,0.0,0.0,0.0,0.0,0.0,0.0,0.0,0.0,0.0,0.0,0.0,0.0,0.0,0.0
rum,0.0,0.0,0.0,0.0,0.043478260869565216,0.0,0.0,0.0,0.0,0.0,0.0,0.2222222222222222,0.0,0.0,0.0,0.5,0.3076923076923077,0.08125,0.05882352941176471,0.0,0.0,0.0,0.0,0.32,0.0,0.36363636363636365,0.0,2.3333333333333335,0.0,0.0,0.0425531914893617,0.0
rutabaga,0.0,0.0,0.0,2.909090909090909,0.13043478260869568,10.714285714285714,2.0,0.0,0.0,27.333333333333336,3.076923076923077,2.0,0.0,0.0,0.0,0.0,0.0,0.0,0.0,0.0,0.0,0.0,0.0,0.0,0.0,0.0,0.0,0.0,0.0,0.0,0.0,0.0
saffron,0.0,0.0,0.0,0.0,0.0,0.0,0.0,0.0,0.0,0.0,0.0,0.0,0.0,0.0,0.0,0.0,0.0,0.0,0.0,0.0,0.0,0.0,0.0,0.0,0.0,0.0,0.0,0.0,0.0,0.0,0.0,0.0
sage,0.0,0.0,0.0,0.0,0.0,0.0,0.0,0.0,0.0,0.0,0.0,0.0,0.0,0.0,0.0,0.0,0.0,0.0,0.0,0.0,0.0,0.0,0.0,0.0,0.0,0.0,0.0,0.0,0.0,0.0,0.0,0.0
sake,0.0,0.0,0.0,1.8181818181818181,0.08695652173913043,0.0,1.0,0.0,0.0,0.0,0.38461538461538464,0.5555555555555556,0.0,0.0,0.0,0.0,0.0,0.0,0.0,0.0,0.0,0.0,0.0,0.48,1.4285714285714286,0.18181818181818182,2.545454545454545,0.9999999999999999,0.0,0.0,0.5319148936170213,0.0
salad,5.910256410256411,8.2,0.0,9.818181818181818,7.739130434782608,9.285714285714286,5.26,0.0,39.44444444444444,43.888888888888886,5.076923076923077,5.277777777777778,0.0,0.0,0.0,0.0,0.0,0.0,0.0,0.0,0.0,0.0,0.0,0.0,0.0,0.0,0.0,0.0,0.0,0.0,0.0,0.0
salad dressing,42.69230769230769,8.35,0.0,1.210909090909091,37.69565217391304,0.0,0.0,0.0,0.0,8.88888888888889,0.0,0.0,0.0,0.0,0.0,0.0,0.0,0.0,0.0,0.0,0.0,0.0,0.0,0.0,0.0,0.0,0.0,0.0,0.0,0.0,0.0,0.0
salmon,10.192307692307692,6.6000000000000005,15.333333333333332,0.9636363636363635,14.391304347826086,2.5,30.4,0.0,0.0,0.8888888888888888,1.0,2.6666666666666665,0.0,0.0,0.0,0.0,0.0,0.0,0.0,0.0,0.0,0.0,0.0,0.0,0.0,0.0,0.0,0.0,0.0,0.0,0.0,0.0
sauce,0.0,0.0,0.0,8.072727272727272,186.08695652173913,0.0,0.0,0.0,0.0,0.0,0.0,0.0,0.0,0.0,0.0,0.0,0.0,0.0,0.0,0.0,0.0,0.0,0.0,0.0,0.0,0.0,0.0,0.0,0.0,0.0,0.0,0.0
sausage,8.012820512820513,15.6,23.333333333333332,9.090909090909092,14.26086956521739,11.071428571428573,15.620000000000001,0.0,0.0,5.222222222222222,6.0,6.222222222222222,0.0,0.0,0.0,0.0,0.0,0.0,0.0,0.0,0.0,0.0,0.0,0.0,0.0,0.0,0.0,0.0,0.0,0.0,0.0,0.0
sauté,0.0,0.0,0.0,0.0,0.0,0.0,0.0,0.0,0.0,0.0,0.0,0.0,0.0,0.0,0.0,0.0,0.0,0.0,0.0,0.0,0.0,0.0,0.0,0.0,0.0,0.0,0.0,0.0,0.0,0.0,0.0,0.0
scallop,16.076923076923073,8.799999999999999,8.333333333333332,5.1418181818181825,20.26086956521739,1.7857142857142856,22.16,0.0,0.33333333333333337,0.0,1.4615384615384615,6.5555555555555545,0.0,15.0,0.0,12.5,6.461538461538462,9.59375,3.705882352941177,11.75,39.166666666666664,0.0,0.0,22.16,5.238095238095238,7.636363636363636,23.272727272727273,5.0,0.0,0.0,3.829787234042553,10.236363636363636
scotch,0.0,0.0,0.0,0.0,0.043478260869565216,0.0,0.0,0.0,0.0,0.0,0.0,0.2222222222222222,0.0,0.0,0.0,0.5,0.3076923076923077,0.08125,0.05882352941176471,0.0,0.0,0.0,0.0,0.32,0.0,0.36363636363636365,0.0,2.3333333333333335,0.0,0.0,0.0425531914893617,0.0
seed,2.9487179487179485,3.105,0.0,11.636363636363637,1.0,17.142857142857142,10.6,0.0,1.3333333333333335,6.777777777777777,4.6923076923076925,3.3333333333333335,0.0,0.0,0.0,24.166666666666668,13.076923076923078,33.125,17.529411764705884,12.25,0.0,0.0,16.319999999999997,9.92,11.904761904761903,7.545454545454546,0.0,118.88888888888889,5.739130434782609,0.0,18.617021276595743,0.0
sesame,57.948717948717956,31.0,0.0,3.127272727272727,43.47826086956522,3.571428571428571,6.2,0.0,0.2222222222222222,0.0,1.4615384615384615,3.3333333333333335,0.0,33.33333333333333,0.0,0.0,0.0,0.0,0.0,0.0,0.0,0.0,0.0,2.96,0.0,0.9090909090909092,2.909090909090909,0.0,0.0,0.0,3.3404255319148937,0.7272727272727273
sesame oil,128.2051282051282,71.0,0.0,0.0,0.0,0.0,0.0,0.0,0.0,0.0,0.0,0.0,0.0,9.333333333333332,0.0,0.0,0.0,0.0,0.0,0.0,0.0,0.0,0.0,0.0,0.0,0.0,0.0,0.0,0.0,0.0,0.0,0.03636363636363637
shallot,0.1282051282051282,0.085,0.0,6.109090909090909,0.5217391304347827,11.428571428571429,5.0,0.0,0.0,8.88888888888889,2.8461538461538463,6.666666666666667,0.0,0.0,0.0,5.0,1.5384615384615383,1.25,20.294117647058822,8.5,0.0,0.0,5.8,4.8,5.0,3.6363636363636367,2.1818181818181817,9.777777777777777,12.695652173913045,0.0,7.106382978723404,2.0545454545454547
shavuot,0.0,0.0,0.0,0.0,0.0,0.0,0.0,0.0,0.0,0.0,0.0,0.0,0.0,0.0,0.0,0.0,0.0,0.0,0.0,0.0,0.0,0.0,0.0,0.0,0.0,0.0,0.0,0.0,0.0,0.0,0.0,0.0
shellfish,8.551282051282051,6.17,46.666666666666664,1.781818181818182,15.130434782608695,0.7142857142857143,30.92,0.0,7.000000000000001,0.0,4.923076923076923,2.9444444444444446,0.5,16.066666666666666,0.0,5.583333333333334,3.0769230769230766,13.63125,10.117647058823529,7.000000000000001,42.91666666666667,0.0,0.0,21.84,6.190476190476191,10.090909090909092,60.54545454545453,23.0,0.0,0.0,2.7872340425531914,16.454545454545453
sherry,0.0,0.0,0.0,0.0,0.0,0.0,0.0,0.0,0.0,0.0,0.0,0.0,0.0,0.0,0.0,0.0,0.0,0.0,0.0,0.0,0.0,0.0,0.0,0.0,0.0,0.0,0.0,0.0,0.0,0.0,0.0,0.0
shrimp,0.0,0.0,37.333333333333336,0.0,21.478260869565215,0.0,23.6,0.0,0.0,0.0,5.461538461538462,2.333333333333333,0.0,0.0,0.0,0.0,0.0,0.0,0.0,0.0,0.0,0.0,0.0,0.0,0.0,0.0,0.0,0.0,0.0,0.0,0.0,0.0
snapper,1.8846153846153846,0.0,12.666666666666668,0.0,2.8260869565217392,0.0,41.2,0.0,0.0,0.0,2.4615384615384617,0.0,0.0,0.0,0.0,0.0,0.0,0.0,0.0,0.0,0.0,0.0,0.0,0.0,0.0,0.0,0.0,0.0,0.0,0.0,8.872340425531915,0.0
sour cream,21.41025641025641,58.5,22.333333333333332,2.4254545454545458,2.1739130434782608,0.0,6.660000000000001,0.0,0.0,0.0,10.23076923076923,0.0,0.0,0.0,0.0,0.0,0.0,0.0,0.0,0.0,0.0,0.0,0.0,0.0,0.0,0.0,0.0,0.0,0.0,0.0,0.0,0.0
soy,9.423076923076923,5.510000000000001,0.0,19.327272727272728,36.608695652173914,12.5,53.0,0.0,0.0,0.0,13.153846153846155,28.888888888888893,0.0,6.7333333333333325,0.0,27.750000000000004,26.846153846153843,18.6125,30.176470588235293,60.0,0.0,0.0,0.0,0.5599999999999999,40.476190476190474,13.636363636363635,22.0,272.88888888888886,0.0,0.0,0.14893617021276595,20.163636363636364
soy sauce,0.7307692307692306,0.36499999999999994,0.0,1.7927272727272725,238.82608695652175,2.857142857142857,16.28,0.0,0.0,0.0,2.5384615384615383,8.055555555555555,0.0,0.0,0.0,2.7500000000000004,12.692307692307692,13.725000000000001,8.705882352941176,3.5000000000000004,0.0,0.0,0.0,13.28,17.61904761904762,7.909090909090908,0.9090909090909091,4.777777777777778,0.0,0.0,9.25531914893617,3.327272727272727
sparkling wine,0.0,0.0,0.0,0.84,0.21739130434782608,0.0,0.14,0.0,0.0,0.0,0.6923076923076923,1.6666666666666667,0.0,0.0,0.0,0.33333333333333337,1.0769230769230769,0.6625,2.588235294117647,0.25,0.0,0.0,0.0,1.3599999999999999,2.380952380952381,1.0,0.18181818181818182,0.5555555555555556,0.0,0.0,1.574468085106383,0.8
spice,16.153846153846153,32.65,0.0,25.2,2.2608695652173916,52.85714285714286,11.52,0.0,1.4444444444444444,26.0,52.46153846153846,109.44444444444443,0.0,12.866666666666665,0.0,10.916666666666668,10.53846153846154,14.000000000000002,23.529411764705884,6.0,0.0,0.0,0.0,9.44,32.38095238095238,21.545454545454547,16.90909090909091,53.77777777777778,686.9565217391306,0.0,14.106382978723403,3.781818181818182
spinach,0.0,0.0,0.0,1.2836363636363635,3.5652173913043477,8.571428571428571,7.06,0.0,0.0,31.333333333333336,7.230769230769231,17.666666666666668,0.0,0.0,0.0,0.0,0.0,0.0,0.0,0.0,0.0,0.0,0.0,0.0,0.0,0.0,0.0,0.0,0.0,0.0,0.0,0.0
spirit,0.0,0.0,0.0,0.8072727272727274,0.0,0.0,0.0,4.4,0.0,0.0,0.0,0.0,0.0,0.0,0.0,0.0,0.0,66.875,66.47058823529412,0.0,0.0,0.0,0.0,0.0,0.0,0.0,0.0,0.0,0.0,0.0,0.0,0.0
squash,3.5897435897435894,3.63,0.6666666666666667,2.2763636363636364,6.0,5.0,1.3,0.0,1.8888888888888888,3.7777777777777777,1.6153846153846154,1.8333333333333333,0.0,3.3333333333333335,0.0,3.0833333333333335,1.6153846153846154,4.9,6.588235294117648,2.0,0.0,0.0,0.0,1.1199999999999999,2.619047619047619,1.7272727272727273,0.5454545454545454,3.7777777777777777,0.0,0.0,2.425531914893617,1.3636363636363635
squid,21.025641025641022,13.65,9.0,1.3236363636363637,27.652173913043477,0.0,29.2,0.0,0.0,0.0,5.615384615384615,7.277777777777778,0.0,0.0,0.0,0.0,0.0,0.0,0.0,0.0,0.0,0.0,0.0,0.0,0.0,0.0,0.0,0.0,0.0,0.0,0.0,0.0
steak,0.0,0.0,0.0,40.36363636363636,0.0,0.0,0.0,0.0,0.0,0.0,0.0,0.0,0.0,0.0,0.0,0.0,0.0,0.0,0.0,0.0,0.0,0.0,0.0,0.0,0.0,0.0,0.0,0.0,0.0,0.0,0.0,0.0
strawberry,0.0,0.0,0.0,23.636363636363637,1.0869565217391304,0.0,0.0,0.0,0.0,0.0,0.0,0.0,0.0,0.0,0.0,0.0,0.0,0.0,0.0,0.0,0.0,0.0,0.0,0.0,0.0,0.0,0.0,0.0,0.0,0.0,0.0,0.0
sugar snap pea,0.0,0.0,0.0,2.8909090909090907,0.0,8.214285714285714,4.54,0.0,0.0,0.0,2.6153846153846154,4.444444444444445,0.0,0.0,0.0,0.0,0.0,0.0,0.0,0.0,0.0,0.0,0.0,0.0,0.0,0.0,0.0,0.0,0.0,0.0,3.872340425531915,0.0
sweet potato,1.641025641025641,1.6,4.666666666666667,5.963636363636363,7.521739130434782,6.785714285714286,10.9,0.0,0.0,5.333333333333333,2.0,3.2222222222222223,0.0,0.0,0.0,0.0,0.0,0.0,0.0,0.0,0.0,0.0,0.0,0.0,0.0,0.0,0.0,0.0,0.0,0.0,0.0,0.0
swiss cheese,33.46153846153847,86.99999999999999,28.999999999999996,1.5818181818181818,8.521739130434783,0.0,52.2,0.0,0.0,0.0,66.92307692307692,0.0,0.0,0.0,0.0,0.0,0.0,0.0,0.0,0.0,0.0,0.0,0.0,0.0,0.0,0.0,0.0,0.0,0.0,0.0,0.0,0.0
tamarind,0.7692307692307692,1.36,0.0,22.727272727272727,1.2173913043478262,18.21428571428571,5.6,0.0,0.2222222222222222,3.888888888888889,5.6923076923076925,15.555555555555555,0.0,0.6666666666666667,0.0,35.66666666666667,11.692307692307692,12.112499999999999,3.882352941176471,3.5000000000000004,0.0,0.0,0.0,9.04,21.904761904761905,0.9090909090909092,2.3636363636363638,9.555555555555555,0.0,0.0,13.361702127659575,1.5636363636363635
tangerine,0.0,0.0,0.0,4.945454545454545,0.6086956521739131,0.0,0.0,0.0,0.0,0.0,0.0,0.0,0.0,0.0,0.0,0.0,0.0,0.0,0.0,0.0,0.0,0.0,0.0,0.0,0.0,0.0,0.0,0.0,0.0,0.0,0.0,0.0
tarragon,0.0,0.0,0.0,0.0,0.0,0.0,0.0,0.0,0.0,0.0,0.0,0.0,0.0,0.0,0.0,0.0,0.0,0.0,0.0,0.0,0.0,0.0,0.0,0.0,0.0,0.0,0.0,0.0,0.0,0.0,0.0,0.0
tea,0.0,0.0,0.0,3.0763636363636366,0.08695652173913043,0.0,0.0,0.0,0.0,0.0,0.0,0.0,0.0,0.0,0.0,0.0,0.0,0.0,0.0,0.0,0.0,0.0,0.0,0.0,0.0,0.0,0.0,0.0,0.0,0.0,0.0,0.0
tequila,0.0,0.0,0.0,0.0,0.043478260869565216,0.0,0.0,0.0,0.0,0.0,0.0,0.2222222222222222,0.0,0.0,0.0,0.5,0.3076923076923077,0.08125,0.05882352941176471,0.0,0.0,0.0,0.0,0.32,0.0,0.36363636363636365,0.0,2.3333333333333335,0.0,0.0,0.0425531914893617,0.0
thyme,0.0,0.0,0.0,0.0,0.0,0.0,0.0,0.0,0.0,0.0,0.0,0.0,0.0,0.0,0.0,0.0,0.0,0.0,0.0,0.0,0.0,0.0,0.0,0.0,0.0,0.0,0.0,0.0,0.0,0.0,0.0,0.0
tofu,0.0,0.0,0.0,0.0,0.0,0.0,0.0,0.0,0.0,0.0,0.0,0.0,0.0,0.0,0.0,0.0,0.0,0.0,0.0,0.0,0.0,0.0,0.0,0.0,0.0,0.0,0.0,0.0,0.0,0.0,0.0,0.0
tomatillo,1.3076923076923077,0.6950000000000001,0.0,2.1236363636363635,0.043478260869565216,6.785714285714286,1.92,0.0,0.6666666666666667,13.0,0.5384615384615384,3.4444444444444446,0.0,2.533333333333333,0.0,3.6666666666666665,2.6923076923076925,11.5625,3.294117647058824,1.7500000000000002,0.0,0.0,3.0,3.1199999999999997,4.761904761904762,2.0,0.9090909090909091,8.777777777777777,6.6521739130434785,0.0,5.702127659574468,1.3818181818181818
tomato,0.0,0.0,0.0,0.0,0.0,0.0,0.0,0.0,0.0,0.0,0.0,0.0,0.0,0.0,0.0,0.0,0.0,0.0,0.0,0.0,0.0,0.0,0.0,0.0,0.0,0.0,0.0,0.0,0.0,0.0,0.0,0.0
tortillas,2.2948717948717947,0.0,0.0,14.290909090909091,0.0,12.85714285714286,7.139999999999999,0.0,0.0,0.0,11.0,7.166666666666667,0.0,0.0,0.0,0.0,0.0,0.0,0.0,0.0,0.0,0.0,0.0,0.0,0.0,0.0,0.0,0.0,0.0,0.0,0.0,0.0
tree nut,0.08974358974358976,0.0,0.0,3.9272727272727277,10.478260869565217,13.214285714285715,0.58,0.0,1.1111111111111112,33.33333333333333,0.6153846153846154,0.8888888888888888,0.0,0.0,0.0,0.0,23.076923076923077,21.875,10.529411764705882,3.75,0.0,0.0,1.26,0.32,1.1904761904761905,2.8181818181818183,1.6363636363636365,22.444444444444443,23.434782608695656,0.0,0.10638297872340426,0.0
triple sec,0.0,0.0,0.0,23.01818181818182,0.0,0.0,0.0,126.6,0.0,0.0,0.0,0.0,0.0,0.0,0.0,0.0,0.0,0.0,0.0,0.0,0.0,0.0,0.0,0.0,0.0,0.0,0.0,0.0,0.0,0.0,0.0,0.0
trout,21.62820512820513,13.569999999999999,17.0,4.261818181818182,16.608695652173914,1.7857142857142856,34.16,0.0,6.333333333333334,2.0,2.6153846153846154,6.277777777777777,60.5,26.866666666666667,0.0,18.583333333333336,10.615384615384615,32.868750000000006,14.411764705882351,11.25,123.75,0.0,0.0,15.6,5.714285714285714,4.454545454545455,38.36363636363637,6.888888888888889,0.0,0.0,6.617021276595744,10.236363636363636
tuna,4.833333333333333,2.35,1.6666666666666667,3.781818181818182,19.26086956521739,3.214285714285715,11.32,0.0,0.0,6.333333333333334,2.923076923076923,3.7777777777777777,0.0,0.0,0.0,0.0,0.0,0.0,0.0,0.0,0.0,0.0,0.0,0.0,0.0,0.0,0.0,0.0,0.0,0.0,0.0,0.0
turnip,0.2435897435897436,0.16,0.0,1.232727272727273,0.782608695652174,8.571428571428571,4.92,0.0,33.88888888888889,28.666666666666668,8.76923076923077,9.055555555555555,0.0,0.0,0.0,3.6666666666666665,6.769230769230769,2.4250000000000003,4.352941176470588,10.25,0.0,0.0,2.46,1.92,4.285714285714286,1.4545454545454546,1.6363636363636365,5.666666666666666,9.565217391304348,0.0,1.7446808510638296,0.0
vanilla,20.769230769230766,51.64500000000001,30.666666666666664,8.105454545454545,2.6521739130434785,0.0,7.000000000000001,0.0,20.22222222222222,0.0,9.0,1.8888888888888888,1.5,3.4000000000000004,0.0,3.416666666666667,12.846153846153847,0.5125000000000001,2.6470588235294117,2.25,16.25,0.0,0.0,8.4,2.619047619047619,4.2727272727272725,6.363636363636363,0.8888888888888888,0.0,0.0,3.3404255319148937,4.7272727272727275
veal,10.948717948717949,17.93,18.333333333333332,2.450909090909091,6.391304347826086,1.7857142857142856,35.64,0.0,4.777777777777778,1.5555555555555556,1.0769230769230769,5.833333333333333,2.5,3.8666666666666663,0.0,8.25,20.53846153846154,33.31875,23.58823529411765,5.5,66.66666666666667,0.0,0.0,11.360000000000001,5.714285714285714,10.545454545454545,32.54545454545455,14.222222222222221,0.0,0.0,4.48936170212766,15.981818181818182
vegetable,0.2564102564102564,0.17500000000000002,0.0,2.4727272727272727,1.3478260869565217,5.357142857142857,4.6,0.0,33.666666666666664,6.333333333333334,2.1538461538461537,4.611111111111111,0.0,3.4666666666666663,0.0,5.083333333333333,5.3076923076923075,4.86875,5.882352941176471,10.0,0.0,0.0,5.2,2.2399999999999998,5.0,2.3636363636363638,1.2727272727272725,7.777777777777778,0.0,0.0,3.5744680851063833,2.4363636363636365
vinegar,0.0,0.0,0.0,0.3381818181818182,0.21739130434782608,0.0,0.0,0.0,0.0,0.0,0.5384615384615384,1.1111111111111112,0.0,0.0,0.0,0.0,0.0,0.0,0.0,0.0,0.0,0.0,0.0,0.64,1.1904761904761905,0.36363636363636365,0.18181818181818182,0.8888888888888888,0.0,0.0,1.5531914893617023,0.0
vodka,0.0,0.0,0.0,0.0,0.043478260869565216,0.0,0.0,0.0,0.0,0.0,0.0,0.2222222222222222,0.0,0.0,0.0,0.5,0.3076923076923077,0.08125,0.05882352941176471,0.0,0.0,0.0,0.0,0.32,0.0,0.36363636363636365,0.0,2.3333333333333335,0.0,0.0,0.0425531914893617,0.0
walnut,48.58974358974359,60.5,5.666666666666666,13.781818181818181,2.2608695652173916,24.642857142857146,20.6,0.0,0.0,0.0,15.923076923076923,20.666666666666668,0.0,0.0,0.0,0.0,0.0,0.0,0.0,0.0,0.0,0.0,0.0,0.0,0.0,0.0,0.0,0.0,0.0,0.0,0.0,0.0
wasabi,13.974358974358974,10.149999999999999,0.0,16.763636363636365,147.3913043478261,21.785714285714285,4.46,0.0,0.0,0.0,3.1538461538461537,2.7777777777777777,0.0,26.066666666666666,2.9166666666666665,4.166666666666667,5.384615384615385,1.0,2.9411764705882355,2.5,0.0,0.0,0.0,2.08,5.0,5.545454545454545,4.0,6.111111111111111,5.9565217391304355,0.0,3.872340425531915,0.41818181818181815
watercress,3.6410256410256405,3.7199999999999998,0.6666666666666667,0.49090909090909096,7.521739130434782,1.7857142857142856,4.8,0.0,18.88888888888889,34.77777777777778,9.615384615384617,1.1666666666666665,0.0,9.666666666666666,0.0,7.000000000000001,9.153846153846153,1.2375,8.529411764705882,1.7500000000000002,0.0,0.0,0.0,5.04,5.238095238095238,1.0909090909090908,1.6363636363636365,8.88888888888889,0.0,0.0,7.319148936170213,1.7454545454545456
watermelon,0.3205128205128205,0.0,0.0,2.7090909090909094,0.0,1.4285714285714286,1.56,0.0,0.0,0.0,0.0,0.0,0.0,0.0,0.0,0.0,0.0,0.0,0.0,0.0,0.0,0.0,0.0,0.0,0.0,0.0,0.0,0.0,0.0,0.0,0.0,0.0
weelicious,0.0,0.0,0.0,0.0,0.0,0.0,0.0,0.0,0.0,0.0,0.0,0.0,0.0,0.0,0.0,0.0,0.0,0.0,0.0,0.0,0.0,0.0,0.0,0.0,0.0,0.0,0.0,0.0,0.0,0.0,0.0,0.0
whiskey,0.0,0.0,0.0,0.0,0.043478260869565216,0.0,0.0,0.0,0.0,0.0,0.0,0.2222222222222222,0.0,0.0,0.0,0.5,0.3076923076923077,0.08125,0.05882352941176471,0.0,0.0,0.0,0.0,0.32,0.0,0.36363636363636365,0.0,2.3333333333333335,0.0,0.0,0.0425531914893617,0.0
white wine,0.0,0.0,0.0,0.9454545454545455,0.21739130434782608,0.0,0.14,0.0,0.0,0.0,0.6923076923076923,1.5000000000000002,0.0,0.0,0.0,0.4166666666666667,1.1538461538461537,0.675,2.9411764705882355,0.25,0.0,0.0,0.0,1.44,2.380952380952381,1.0909090909090908,0.18181818181818182,0.4444444444444444,0.0,0.0,1.5106382978723405,0.7818181818181817
wine,0.0,0.0,0.0,0.5890909090909091,0.47826086956521735,0.0,0.08,0.0,0.0,0.0,0.5384615384615384,1.2222222222222223,0.0,0.0,0.0,0.25,1.0769230769230769,0.61875,1.8823529411764708,0.25,0.0,0.0,0.0,0.96,1.6666666666666667,1.0909090909090908,0.18181818181818182,0.7777777777777778,0.0,0.0,1.276595744680851,0.5454545454545455
yogurt,4.512820512820513,11.000000000000002,5.0,1.6036363636363637,2.086956521739131,0.0,7.04,0.0,0.0,0.0,10.153846153846153,0.0,0.0,0.0,0.0,0.0,11.538461538461538,0.0,0.0,0.0,15.416666666666668,0.0,0.0,0.0,3.0952380952380953,5.636363636363637,0.0,0.0,0.0,0.0,3.276595744680851,0.0
zucchini,0.0,0.0,0.0,1.530909090909091,0.0,3.9285714285714293,2.1,0.0,0.0,13.999999999999998,1.6153846153846154,2.4444444444444446,0.0,0.0,0.0,0.0,0.0,0.0,0.0,0.0,0.0,0.0,0.0,0.0,0.0,0.0,0.0,0.0,0.0,0.0,4.723404255319149,0.0
turkey,1.6282051282051284,2.0999999999999996,11.333333333333332,2.465454545454546,22.652173913043477,4.642857142857143,19.5,0.0,0.0,0.0,3.230769230769231,6.333333333333332,0.0,0.0,0.0,0.0,0.0,0.0,0.0,0.0,0.0,0.0,0.0,0.0,0.0,0.0,0.0,0.0,0.0,0.0,0.0,0.0
